,product_name,brand,product_type,price,combined_features,warnings,ingredient_count,warning_count,popularity_score,description,ingredients,description_clean,ingredients_clean
0,AHA/BHA Clarifying treatment toner,COSRX,toner,88350,eksfoliasi lembut meningkatkan tekstur kulit menenangkan kulit menyegarkan kulit melembutkan kulit meningkatkan vitalitas kulit mengontrol poripori salix alba willow bark pyrus malus apple fruit butylene glycol 12hexanediol sodium lactate glycolic acid betaine salicylate allantoin panthenol ethyl hexanediol,['Exfoliating'],11,1,963.5,"eksfoliasi lembut, meningkatkan tekstur kulit, menenangkan kulit, menyegarkan kulit, melembutkan kulit, meningkatkan vitalitas kulit, mengontrol pori-pori
","aqua (water), salix alba (willow) bark water, pyrus malus (apple) fruit water, butylene glycol, 1,2-hexanediol, sodium lactate, glycolic acid, betaine salicylate, allantoin, panthenol, ethyl hexanediol",eksfoliasi lembut meningkatkan tekstur kulit menenangkan kulit menyegarkan kulit melembutkan kulit meningkatkan vitalitas kulit mengontrol poripori,salix alba willow bark pyrus malus apple fruit butylene glycol 12hexanediol sodium lactate glycolic acid betaine salicylate allantoin panthenol ethyl hexanediol
1,Sungboon Editor Green Tomato Pore Lifting Ampoule Toner,Sungboon Editor,toner,192500,mengencangkan poripori membersihkan poripori melembapkan kulit mencerahkan kulit menghaluskan kulit glycerin dipropylene glycol butylene glycol niacinamide solanum lycopersicum tomato fruit benzyl glycol adenosine glyceryl glucoside xylitol gluconolactone allantoin trehalose panthenol melia azadirachta leaf xylitylglucoside anhydroxylitol melia azadirachta flower oenothera biennis evening primrose flower pueraria lobata root pinus palustris leaf ulmus davidiana root ceramide np tocopherol hydrogenated polyisobutene sodium hyaluronate crosspolymer hydrolyzed glycosaminoglycans hydrolyzed collagen sodium hyaluronate bellis perennis daisy flower hydrolyzed hyaluronic acid hyaluronic acid anemarrhena asphodeloides root 12hexanediol ethylhexylglycerin hydrolyzed sclerotium gum propanediol phenethyl alcohol sodium chloride potassium chloride disodium phosphate potassium phosphate c1213 pareth9,"['Irritant', 'Exfoliating', 'Allergen', 'Drying']",43,4,14.100000000000001,"mengencangkan pori-pori, membersihkan pori-pori, melembapkan kulit, mencerahkan kulit, menghaluskan kulit
","aqua (water), glycerin, dipropylene glycol, butylene glycol, niacinamide, solanum lycopersicum (tomato) fruit extract, benzyl glycol, adenosine, glyceryl glucoside, xylitol, gluconolactone, allantoin, trehalose, panthenol, melia azadirachta leaf extract, xylitylglucoside, anhydroxylitol, melia azadirachta flower extract, oenothera biennis (evening primrose) flower extract, pueraria lobata root extract, pinus palustris leaf extract, ulmus davidiana root extract, ceramide np, tocopherol, hydrogenated polyisobutene, sodium hyaluronate crosspolymer, hydrolyzed glycosaminoglycans, hydrolyzed collagen, sodium hyaluronate, bellis perennis (daisy) flower extract, hydrolyzed hyaluronic acid, hyaluronic acid, anemarrhena asphodeloides root extract, 1,2-hexanediol, ethylhexylglycerin, hydrolyzed sclerotium gum, propanediol, phenethyl alcohol, sodium chloride, potassium chloride, disodium phosphate, potassium phosphate, c12-13 pareth-9",mengencangkan poripori membersihkan poripori melembapkan kulit mencerahkan kulit menghaluskan kulit,glycerin dipropylene glycol butylene glycol niacinamide solanum lycopersicum tomato fruit benzyl glycol adenosine glyceryl glucoside xylitol gluconolactone allantoin trehalose panthenol melia azadirachta leaf xylitylglucoside anhydroxylitol melia azadirachta flower oenothera biennis evening primrose flower pueraria lobata root pinus palustris leaf ulmus davidiana root ceramide np tocopherol hydrogenated polyisobutene sodium hyaluronate crosspolymer hydrolyzed glycosaminoglycans hydrolyzed collagen sodium hyaluronate bellis perennis daisy flower hydrolyzed hyaluronic acid hyaluronic acid anemarrhena asphodeloides root 12hexanediol ethylhexylglycerin hydrolyzed sclerotium gum propanediol phenethyl alcohol sodium chloride potassium chloride disodium phosphate potassium phosphate c1213 pareth9
2,Freshly Juiced Vitamin Skin Prep Pads,Dear Klairs,toner,287300,hidrasi instan meningkatkan kecerahan kulit menghaluskan kulit membantu makeup menempel memperpanjang daya tahan makeup menenangkan kulit menjaga kelembapan alami butylene glycol glycerin methylpropanediol niacinamide 12hexanediol isopentyldiol gluconolactone arginine allantoin polyglyceryl10 laurate ethylhexylglycerin xanthan gum adenosine sodium phytate ascorbic acid ascorbyl tetraisopalmitate capryliccapric triglyceride menthyl lactate ethyl menthane carboxamide sodium hyaluronate centella asiatica methyl diisopropyl propionamide hydroxypropyltrimonium hyaluronate coriandrum sativum coriander glutathione hydrogenated lecithin hydrolyzed hyaluronic acid sodium acetylated hyaluronate vinegar hyaluronic acid disodium edta hydrolyzed sodium hyaluronate sodium hyaluronate crosspolymer ceramide np sodium ascorbyl phosphate potassium hyaluronate asiaticoside madecassoside asiatic acid madecassic acid biotin cyanocobalamin folic acid pyridoxine riboflavin thiamine hcl,"['Exfoliating', 'Comedogenic', 'Allergen', 'Allergen', 'Irritant']",47,5,0.0,"memberikan hidrasi instan, meningkatkan kecerahan kulit, menghaluskan kulit, membantu makeup menempel lebih baik, memperpanjang daya tahan makeup, menenangkan kulit, menjaga kelembapan alami
","aqua (water), butylene glycol, glycerin, methylpropanediol, niacinamide, 1,2-hexanediol, isopentyldiol, gluconolactone, arginine, allantoin, polyglyceryl-10 laurate, ethylhexylglycerin, xanthan gum, adenosine, sodium phytate, ascorbic acid, ascorbyl tetraisopalmitate, caprylic/capric triglyceride, menthyl lactate, ethyl menthane carboxamide, sodium hyaluronate, centella asiatica extract, methyl diisopropyl propionamide, hydroxypropyltrimonium hyaluronate, coriandrum sativum (coriander) extract, glutathione, hydrogenated lecithin, hydrolyzed hyaluronic acid, sodium acetylated hyaluronate, vinegar, hyaluronic acid, disodium edta, hydrolyzed sodium hyaluronate, sodium hyaluronate crosspolymer, ceramide np, sodium ascorbyl phosphate, potassium hyaluronate, asiaticoside, madecassoside, asiatic acid, madecassic acid, biotin, cyanocobalamin, folic acid, pyridoxine, riboflavin, thiamine hcl   ",hidrasi instan meningkatkan kecerahan kulit menghaluskan kulit membantu makeup menempel memperpanjang daya tahan makeup menenangkan kulit menjaga kelembapan alami,butylene glycol glycerin methylpropanediol niacinamide 12hexanediol isopentyldiol gluconolactone arginine allantoin polyglyceryl10 laurate ethylhexylglycerin xanthan gum adenosine sodium phytate ascorbic acid ascorbyl tetraisopalmitate capryliccapric triglyceride menthyl lactate ethyl menthane carboxamide sodium hyaluronate centella asiatica methyl diisopropyl propionamide hydroxypropyltrimonium hyaluronate coriandrum sativum coriander glutathione hydrogenated lecithin hydrolyzed hyaluronic acid sodium acetylated hyaluronate vinegar hyaluronic acid disodium edta hydrolyzed sodium hyaluronate sodium hyaluronate crosspolymer ceramide np sodium ascorbyl phosphate potassium hyaluronate asiaticoside madecassoside asiatic acid madecassic acid biotin cyanocobalamin folic acid pyridoxine riboflavin thiamine hcl
3,Freshly Juiced Vitamin Essence Toner,Dear Klairs,toner,235400,mengatasi kulit kusam mengurangi noda bekas jerawat mencerahkan kulit meratakan warna kulit menjaga kesegaran kulit butylene glycol propanediol niacinamide capryliccapric triglyceride 12hexanediol glycerin hydroxyacetophenone arginine carbomer glycereth25 pca isostearate diethoxyethyl succinate acrylatesc1030 alkyl acrylate crosspolymer ethylhexylglycerin adenosine eriobotrya japonica leaf hydrolyzed gardenia florida hydrolyzed malt hydrolyzed viola tricolor trisodium ethylenediamine disuccinate squalane hydrolyzed hyaluronic acid hyaluronic acid mentha viridis spearmint sodium hyaluronate tocopherol ferulic acid lactobacillus ferment stellaria media chickweed glycine soja soybean oil glycine soja soybean sterols hexyl laurate sodium phytate persea gratissima avocado oil ascorbic acid gluconolactone sodium dna cetearyl alcohol ascorbyl palmitate hydrogenated palm glycerides citrate polyglyceryl10 laurate glutathione hydrogenated lecithin,"['Comedogenic', 'Allergen', 'Comedogenic', 'Exfoliating', 'Drying']",43,5,5.0,"mengatasi kulit kusam, mengurangi noda bekas jerawat, mencerahkan kulit, meratakan warna kulit, menjaga kesegaran kulit","aqua (water), butylene glycol, propanediol, niacinamide, caprylic/capric triglyceride, 1,2-hexanediol, glycerin, hydroxyacetophenone, arginine, carbomer, glycereth-25 pca isostearate, diethoxyethyl succinate, acrylates/c10-30 alkyl acrylate crosspolymer, ethylhexylglycerin, adenosine, eriobotrya japonica leaf extract, hydrolyzed gardenia florida extract, hydrolyzed malt extract, hydrolyzed viola tricolor extract, trisodium ethylenediamine disuccinate, squalane, hydrolyzed hyaluronic acid, hyaluronic acid, mentha viridis (spearmint) extract, sodium hyaluronate, tocopherol, ferulic acid, lactobacillus ferment, stellaria media (chickweed) extract, glycine soja (soybean) oil, glycine soja (soybean) sterols, hexyl laurate, sodium phytate, persea gratissima (avocado) oil, ascorbic acid, gluconolactone, sodium dna, cetearyl alcohol, ascorbyl palmitate, hydrogenated palm glycerides citrate, polyglyceryl-10 laurate, glutathione, hydrogenated lecithin   ",mengatasi kulit kusam mengurangi noda bekas jerawat mencerahkan kulit meratakan warna kulit menjaga kesegaran kulit,butylene glycol propanediol niacinamide capryliccapric triglyceride 12hexanediol glycerin hydroxyacetophenone arginine carbomer glycereth25 pca isostearate diethoxyethyl succinate acrylatesc1030 alkyl acrylate crosspolymer ethylhexylglycerin adenosine eriobotrya japonica leaf hydrolyzed gardenia florida hydrolyzed malt hydrolyzed viola tricolor trisodium ethylenediamine disuccinate squalane hydrolyzed hyaluronic acid hyaluronic acid mentha viridis spearmint sodium hyaluronate tocopherol ferulic acid lactobacillus ferment stellaria media chickweed glycine soja soybean oil glycine soja soybean sterols hexyl laurate sodium phytate persea gratissima avocado oil ascorbic acid gluconolactone sodium dna cetearyl alcohol ascorbyl palmitate hydrogenated palm glycerides citrate polyglyceryl10 laurate glutathione hydrogenated lecithin
4,Rice Toner Pad,I'm From,toner,398970,menghidrasi kulit mendetoksifikasi kulit mencerahkan kulit meratakan warna kulit menyamarkan kemerahan kulit bercahaya cocok jenis kulit sensitif melembapkan kulit melembutkan kulit membantu regenerasi sel kulit mengencangkan kulit mempertahankan elastisitas kulit mengecilkan tampilan pori mengeksfoliasi sel kulit mati methylpropanediol dipropylene glycol glycerin niacinamide olea europaea olive fruit oil hydroxyacetophenone caprylyl glycol c1214 alketh12 polyglyceryl3 methylglucose distearate 1 2hexanediol carbomer betaine arginine sodium citrate glyceryl stearate ethylhexylglycerin methyl glucose sesquistearate adenosine citric acid xanthan gum oryza sativa rice bran oryza sativa rice dipotassium glycyrrhizate disodium edta,"['Comedogenic', 'Comedogenic', 'Irritant']",26,3,10.0,"menghidrasi kulit, mendetoksifikasi kulit, mencerahkan kulit, meratakan warna kulit, menyamarkan kemerahan, membuat kulit bercahaya, cocok untuk semua jenis kulit termasuk sensitif, melembapkan kulit, melembutkan kulit, membantu regenerasi sel kulit, mengencangkan kulit, mempertahankan elastisitas kulit, mengecilkan tampilan pori, mengeksfoliasi sel kulit mati
","aqua (water), methylpropanediol, dipropylene glycol, glycerin, niacinamide, olea europaea (olive) fruit oil, hydroxyacetophenone, caprylyl glycol, c12-14 alketh-12, polyglyceryl-3 methylglucose distearate, 1, 2-hexanediol, carbomer, betaine, arginine, sodium citrate, glyceryl stearate se, ethylhexylglycerin, methyl glucose sesquistearate, adenosine, citric acid, xanthan gum, oryza sativa (rice) bran extract, oryza sativa (rice) extract, dipotassium glycyrrhizate, disodium edta",menghidrasi kulit mendetoksifikasi kulit mencerahkan kulit meratakan warna kulit menyamarkan kemerahan kulit bercahaya cocok jenis kulit sensitif melembapkan kulit melembutkan kulit membantu regenerasi sel kulit mengencangkan kulit mempertahankan elastisitas kulit mengecilkan tampilan pori mengeksfoliasi sel kulit mati,methylpropanediol dipropylene glycol glycerin niacinamide olea europaea olive fruit oil hydroxyacetophenone caprylyl glycol c1214 alketh12 polyglyceryl3 methylglucose distearate 1 2hexanediol carbomer betaine arginine sodium citrate glyceryl stearate ethylhexylglycerin methyl glucose sesquistearate adenosine citric acid xanthan gum oryza sativa rice bran oryza sativa rice dipotassium glycyrrhizate disodium edta
5,Niacinamide 5 TXA Brightening Pad,Anua,toner,309000,memperbaiki tampilan kulit kusam mengurangi tampilan kulit lelah menghidrasi kulit ringan menenangkan kulit menyegarkan area mata kulit cerah butylene glycol glycereth26 niacinamide glycerin hydroxyethyl urea 12hexanediol hydrolyzed collagen terminalia ferdinandiana kakadu plum fruit diethoxyethyl succinate hydroxyacetophenone glycosyl trehalose hydrogenated starch hydrolysate melia azadirachta leaf melia azadirachta flower coccinia indica fruit aloe barbadensis flower solanum melongena eggplant fruit ocimum sanctum leaf corallina officinalis curcuma longa turmeric root glycereth25 pca isostearate propanediol hyaluronic acid hydrolyzed hyaluronic acid sodium hyaluronate zea mays corn kernel fructan glucose ethylhexylglycerin xanthan gum adenosine coptis japonica root collagen sodium dna disodium edta lecithin acetyl glutamine bacillussoybean ferment caprylyl glycol folic acid hexapeptide11 oligopeptide1 oligopeptide2 oligopeptide3,"['Allergen', 'Staining']",45,2,0.0,"memperbaiki tampilan kulit kusam, mengurangi tampilan kulit lelah, menghidrasi kulit ringan, menenangkan kulit, menyegarkan area bawah mata, membuat kulit lebih cerah
","aqua (water), butylene glycol, glycereth-26, niacinamide, glycerin, hydroxyethyl urea, 1,2-hexanediol, hydrolyzed collagen, terminalia ferdinandiana (kakadu plum) fruit extract, diethoxyethyl succinate, hydroxyacetophenone, glycosyl trehalose, hydrogenated starch hydrolysate, melia azadirachta leaf extract, melia azadirachta flower extract, coccinia indica fruit extract, aloe barbadensis flower extract, solanum melongena (eggplant) fruit extract, ocimum sanctum leaf extract, corallina officinalis extract, curcuma longa (turmeric) root extract, glycereth-25 pca isostearate, propanediol, hyaluronic acid, hydrolyzed hyaluronic acid, sodium hyaluronate, zea mays (corn) kernel extract, fructan, glucose, ethylhexylglycerin, xanthan gum, adenosine, coptis japonica root extract, collagen extract, sodium dna, disodium edta, lecithin, acetyl glutamine, bacillus/soybean ferment extract, caprylyl glycol, folic acid, hexapeptide-11, oligopeptide-1, oligopeptide-2, oligopeptide-3",memperbaiki tampilan kulit kusam mengurangi tampilan kulit lelah menghidrasi kulit ringan menenangkan kulit menyegarkan area mata kulit cerah,butylene glycol glycereth26 niacinamide glycerin hydroxyethyl urea 12hexanediol hydrolyzed collagen terminalia ferdinandiana kakadu plum fruit diethoxyethyl succinate hydroxyacetophenone glycosyl trehalose hydrogenated starch hydrolysate melia azadirachta leaf melia azadirachta flower coccinia indica fruit aloe barbadensis flower solanum melongena eggplant fruit ocimum sanctum leaf corallina officinalis curcuma longa turmeric root glycereth25 pca isostearate propanediol hyaluronic acid hydrolyzed hyaluronic acid sodium hyaluronate zea mays corn kernel fructan glucose ethylhexylglycerin xanthan gum adenosine coptis japonica root collagen sodium dna disodium edta lecithin acetyl glutamine bacillussoybean ferment caprylyl glycol folic acid hexapeptide11 oligopeptide1 oligopeptide2 oligopeptide3
6,PDRN 100 Hyaluronic Acid Glow Pad,Anua,toner,309000,hidrasi mendalam kilau kulit sehat perawatan kulit lembut kelembapan intens fungsi perawatan langkah butylene glycol glycereth26 niacinamide glycerin 12hexanediol diethoxyethyl succinate hydroxyethyl urea hydroxyacetophenone glycereth25 pca isostearate glycosyl trehalose hydrogenated starch hydrolysate melia azadirachta leaf ethylhexylglycerin xanthan gum propanediol adenosine melia azadirachta flower coccinia indica fruit disodium edta sodium dna hydrolyzed collagen aloe barbadensis flower solanum melongena eggplant fruit coptis japonica root ocimum sanctum leaf extractzea mays corn kernel corallina officinalis curcuma longa turmeric root sodium hyaluronate hyaluronic acid hydrolyzed hyaluronic acid terminalia ferdinandiana kakadu plum fruit fructan glucose lecithin acetyl glutamine collagen bacillussoybean ferment caprylyl glycol folic acid hexapeptide11 oligopeptide1 oligopeptide2 oligopeptide3,"['Allergen', 'Staining']",44,2,5.0,"memberikan hidrasi mendalam, memberikan kilau kulit sehat, perawatan kulit lembut, memberikan kelembapan intens, dua fungsi perawatan dalam satu langkah
","aqua (water), butylene glycol, glycereth-26, niacinamide, glycerin, 1,2-hexanediol, diethoxyethyl succinate, hydroxyethyl urea, hydroxyacetophenone, glycereth-25 pca isostearate, glycosyl trehalose, hydrogenated starch hydrolysate, melia azadirachta leaf extract, ethylhexylglycerin, xanthan gum, propanediol, adenosine, melia azadirachta flower extract, coccinia indica fruit extract, disodium edta, sodium dna, hydrolyzed collagen, aloe barbadensis flower extract, solanum melongena (eggplant) fruit extract, coptis japonica root extract, ocimum sanctum leaf extract,zea mays (corn) kernel extract, corallina officinalis extract, curcuma longa (turmeric) root extract, sodium hyaluronate, hyaluronic acid, hydrolyzed hyaluronic acid, terminalia ferdinandiana (kakadu plum) fruit extract, fructan, glucose, lecithin, acetyl glutamine, collagen extract, bacillus/soybean ferment extract, caprylyl glycol, folic acid, hexapeptide-11, oligopeptide-1, oligopeptide-2, oligopeptide-3",hidrasi mendalam kilau kulit sehat perawatan kulit lembut kelembapan intens fungsi perawatan langkah,butylene glycol glycereth26 niacinamide glycerin 12hexanediol diethoxyethyl succinate hydroxyethyl urea hydroxyacetophenone glycereth25 pca isostearate glycosyl trehalose hydrogenated starch hydrolysate melia azadirachta leaf ethylhexylglycerin xanthan gum propanediol adenosine melia azadirachta flower coccinia indica fruit disodium edta sodium dna hydrolyzed collagen aloe barbadensis flower solanum melongena eggplant fruit coptis japonica root ocimum sanctum leaf extractzea mays corn kernel corallina officinalis curcuma longa turmeric root sodium hyaluronate hyaluronic acid hydrolyzed hyaluronic acid terminalia ferdinandiana kakadu plum fruit fructan glucose lecithin acetyl glutamine collagen bacillussoybean ferment caprylyl glycol folic acid hexapeptide11 oligopeptide1 oligopeptide2 oligopeptide3
7,AHA BHA PHA Exfoliating Pads,Skintific,toner,135850,menghaluskan kulit membersihkan poripori membantu mencerahkan kulit mengangkat sel kulit mati tampilan wajah bersih kilau bercahaya membantu tampilan kulit cela glycolic acid lactic acid malic acid citric acid salicylic acid gluconolactone dipotassium glycyrrhizate niacinamide sodium hydroxide peg40 hydrogenated castor oil 12hexanediol hydroxyacetophenone amylopectin glycerin dextrin hydrogenated starch hydrolysate hydroxypropyltrimonium chloride xanthan gum butylene glycol lactobacillussoymilk ferment filtrate parfum polyglycerin10 sodium chloride menthyl lactate sodium citrate pentylene glycol sodium hyaluronate sodium benzoate,"['Exfoliating', 'Exfoliating', 'Exfoliating', 'Irritant', 'Exfoliating', 'Exfoliating', 'Irritant', 'Allergen']",29,8,19.2,"menghaluskan kulit, membersihkan pori-pori, membantu mencerahkan kulit, mengangkat sel kulit mati, membuat tampilan wajah lebih bersih, memberikan kilau bercahaya, membantu tampilan kulit tanpa cela
","aqua (water), glycolic acid, lactic acid, malic acid, citric acid, salicylic acid, gluconolactone, dipotassium glycyrrhizate, niacinamide, sodium hydroxide, peg-40 hydrogenated castor oil, 1,2-hexanediol, hydroxyacetophenone, amylopectin, glycerin, dextrin, hydrogenated starch hydrolysate, hydroxypropyltrimonium chloride, xanthan gum, butylene glycol, lactobacillus/soymilk ferment filtrate, parfum, polyglycerin-10, sodium chloride, menthyl lactate, sodium citrate, pentylene glycol, sodium hyaluronate, sodium benzoate",menghaluskan kulit membersihkan poripori membantu mencerahkan kulit mengangkat sel kulit mati tampilan wajah bersih kilau bercahaya membantu tampilan kulit cela,glycolic acid lactic acid malic acid citric acid salicylic acid gluconolactone dipotassium glycyrrhizate niacinamide sodium hydroxide peg40 hydrogenated castor oil 12hexanediol hydroxyacetophenone amylopectin glycerin dextrin hydrogenated starch hydrolysate hydroxypropyltrimonium chloride xanthan gum butylene glycol lactobacillussoymilk ferment filtrate parfum polyglycerin10 sodium chloride menthyl lactate sodium citrate pentylene glycol sodium hyaluronate sodium benzoate
8,Rice Toner,I'm From,toner,377100,mencerahkan kulit merawat elastisitas kulit menjaga keseimbangan minyak air membentuk lapisan pelindung kulit mencegah kehilangan air mengangkat sel kulit mati kilau kelembapan menyegarkan kulit kering kusam lelah melembapkan kulit melembutkan kulit membantu regenerasi sel kulit kulit cerah halus mengencangkan kulit mempertahankan elastisitas mengecilkan tampilan pori mengeksfoliasi sel kulit mati 2methylpropanediol triethylhexanoin hydrogenated polyc614 olefin 12hexanediol niacinamide pentylene glycol oryza sativa rice glycerin hydrogenated lecithin polyglyceryl10 myristate butylene glycol portulaca oleracea ethylhexylglycerin adenosine cellulose gum ulmus davidiana root oryza sativa rice bran amaranthus caudatus seed caprylyl glycol tocopherol,['Comedogenic'],21,1,6110.0,"mencerahkan kulit, merawat elastisitas kulit, menjaga keseimbangan minyak dan air, membentuk lapisan pelindung kulit, mencegah kehilangan air, mengangkat sel kulit mati, memberi kilau dan kelembapan, menyegarkan kulit kering kusam dan lelah, melembapkan kulit, melembutkan kulit, membantu regenerasi sel kulit, membuat kulit lebih cerah dan halus, mengencangkan kulit, mempertahankan elastisitas, mengecilkan tampilan pori, mengeksfoliasi sel kulit mati
","aqua (water), 2-methylpropanediol, triethylhexanoin, hydrogenated poly(c6-14 olefin), 1,2-hexanediol, niacinamide, pentylene glycol, oryza sativa (rice) extract, glycerin, hydrogenated lecithin, polyglyceryl-10 myristate, butylene glycol, portulaca oleracea extract, ethylhexylglycerin, adenosine, cellulose gum, ulmus davidiana root extract, oryza sativa (rice) bran extract, amaranthus caudatus seed extract, caprylyl glycol, tocopherol",mencerahkan kulit merawat elastisitas kulit menjaga keseimbangan minyak air membentuk lapisan pelindung kulit mencegah kehilangan air mengangkat sel kulit mati kilau kelembapan menyegarkan kulit kering kusam lelah melembapkan kulit melembutkan kulit membantu regenerasi sel kulit kulit cerah halus mengencangkan kulit mempertahankan elastisitas mengecilkan tampilan pori mengeksfoliasi sel kulit mati,2methylpropanediol triethylhexanoin hydrogenated polyc614 olefin 12hexanediol niacinamide pentylene glycol oryza sativa rice glycerin hydrogenated lecithin polyglyceryl10 myristate butylene glycol portulaca oleracea ethylhexylglycerin adenosine cellulose gum ulmus davidiana root oryza sativa rice bran amaranthus caudatus seed caprylyl glycol tocopherol
9,Centella Water Alcohol Free Toner,COSRX,toner,156950,menenangkan kulit iritasi menghidrasi kulit menutrisi kulit vitamin mineral formula bebas alkohol centella asiatica leaf butylene glycol 12hexanediol betaine panthenol allantoin ethyl hexanediol sodium hyaluronate,['Allergen'],9,1,21160.0,"menenangkan kulit yang iritasi, menghidrasi kulit, menutrisi kulit dengan vitamin dan mineral, formula bebas alkohol
","aqua (water), centella asiatica leaf water, butylene glycol, 1,2-hexanediol, betaine, panthenol, allantoin, ethyl hexanediol, sodium hyaluronate",menenangkan kulit iritasi menghidrasi kulit menutrisi kulit vitamin mineral formula bebas alkohol,centella asiatica leaf butylene glycol 12hexanediol betaine panthenol allantoin ethyl hexanediol sodium hyaluronate
10,Perfect Vita C Bright Glow Toner,Glad2Glow,toner,45000,mencerahkan kulit meratakan warna kulit melembapkan kulit tampilan glowing kulit sehat kulit segar niacinamide pegppgpolybutylene glycol853 glycerin 12hexanediol glycerin saccharomyces ferment filtrate chlorphenesin citric acid peg40 hydrogenated castor oil 3oethyl ascorbic acid disodium edta sodium citrate sodium hyaluronate parfum sodium hydroxide hydroxyacetophenone butylene glycol tocopherol citrus reticulata tangerine fruit pyrus communis pear fruit,"['Irritant', 'Allergen', 'Irritant', 'Allergen']",20,4,9.2,"mencerahkan kulit, meratakan warna kulit, melembapkan kulit, memberikan tampilan glowing, membuat kulit tampak sehat, membuat kulit tampak segar
","aqua (water), niacinamide, peg/ppg/polybutylene glycol-8/5/3 glycerin, 1,2-hexanediol, glycerin, saccharomyces ferment filtrate, chlorphenesin, citric acid, peg-40 hydrogenated castor oil, 3-o-ethyl ascorbic acid, disodium edta, sodium citrate, sodium hyaluronate, parfum, sodium hydroxide, hydroxyacetophenone, butylene glycol, tocopherol, citrus reticulata (tangerine) fruit extract, pyrus communis (pear) fruit extract",mencerahkan kulit meratakan warna kulit melembapkan kulit tampilan glowing kulit sehat kulit segar,niacinamide pegppgpolybutylene glycol853 glycerin 12hexanediol glycerin saccharomyces ferment filtrate chlorphenesin citric acid peg40 hydrogenated castor oil 3oethyl ascorbic acid disodium edta sodium citrate sodium hyaluronate parfum sodium hydroxide hydroxyacetophenone butylene glycol tocopherol citrus reticulata tangerine fruit pyrus communis pear fruit
11,Concentrated Ginseng Rejuvenating Water,Sulwhasoo,toner,1450000,melembapkan kulit menyamarkan tandatanda penuaan menyeimbangkan ph kulit menutrisi kulit kering kasar efek segar menjaga kelembapan kulit antiaging glycerin butylene glycol panax ginseng root alcohol denat 12hexanediol glyceryl polymethacrylate niacinamide methyl gluceth20 ppg13decyltetradeceth24 bispeg18 methyl ether dimethyl silane carbomer tromethamine propanediol mannitol ethylhexylglycerin sodium metaphosphate parfum adenosine sodium hyaluronate xanthan gum cellulose gum lycium chinense fruit pueraria lobata root linalool sodium chloride panax ginseng root betaglucan hydrolyzed ginseng saponins morus alba leaf rehmannia glutinosa root paeonia lactiflora root polygonatum odoratum rhizome limonene nelumbo nucifera flower lilium tigrinum bulb tocopherol acetyl tetrapeptide11 caprylyl glycol hydrolyzed soybean acetyl heptapeptide4 hexapeptide9 acetyl hexapeptide8 sodium hydroxide acetyl octapeptide3,"['Drying', 'Allergen', 'Allergen', 'Allergen', 'Allergen', 'Allergen', 'Irritant']",45,7,0.0,"melembapkan kulit lebih lama, menyamarkan tanda-tanda penuaan, menyeimbangkan ph kulit, menutrisi kulit kering dan kasar, memberikan efek segar, menjaga kelembapan kulit, anti-aging
","aqua (water), glycerin, butylene glycol, panax ginseng root water, alcohol denat, 1,2-hexanediol, glyceryl polymethacrylate, niacinamide, methyl gluceth-20, ppg-13-decyltetradeceth-24, bis-peg-18 methyl ether dimethyl silane, carbomer, tromethamine, propanediol, mannitol, ethylhexylglycerin, sodium metaphosphate, parfum, adenosine, sodium hyaluronate, xanthan gum, cellulose gum, lycium chinense fruit extract, pueraria lobata root extract, linalool, sodium chloride, panax ginseng root extract, beta-glucan, hydrolyzed ginseng saponins, morus alba leaf extract, rehmannia glutinosa root extract, paeonia lactiflora root extract, polygonatum odoratum rhizome extract, limonene, nelumbo nucifera flower extract, lilium tigrinum bulb extract, tocopherol, acetyl tetrapeptide-11, caprylyl glycol, hydrolyzed soybean extract, acetyl heptapeptide-4, hexapeptide-9, acetyl hexapeptide-8, sodium hydroxide, acetyl octapeptide-3",melembapkan kulit menyamarkan tandatanda penuaan menyeimbangkan ph kulit menutrisi kulit kering kasar efek segar menjaga kelembapan kulit antiaging,glycerin butylene glycol panax ginseng root alcohol denat 12hexanediol glyceryl polymethacrylate niacinamide methyl gluceth20 ppg13decyltetradeceth24 bispeg18 methyl ether dimethyl silane carbomer tromethamine propanediol mannitol ethylhexylglycerin sodium metaphosphate parfum adenosine sodium hyaluronate xanthan gum cellulose gum lycium chinense fruit pueraria lobata root linalool sodium chloride panax ginseng root betaglucan hydrolyzed ginseng saponins morus alba leaf rehmannia glutinosa root paeonia lactiflora root polygonatum odoratum rhizome limonene nelumbo nucifera flower lilium tigrinum bulb tocopherol acetyl tetrapeptide11 caprylyl glycol hydrolyzed soybean acetyl heptapeptide4 hexapeptide9 acetyl hexapeptide8 sodium hydroxide acetyl octapeptide3
12,Salicylic Acid Acne Toner,FACERINNA,toner,49000,menyegarkan kulit wajah membersihkan poripori meratakan tekstur kulit mengeksfoliasi poripori mencerahkan kulit memperkecil tampilan poripori mengurangi minyak berlebih lembut kulit cocok kulit berjerawat sensitif disodium edta niacinamide bispeg18 methyl ether dimethyl silane 12hexanediol salicylic acid glycerin diethoxyethyl succinate saccharomyces ferment filtrate amylopectin dextrin chlorphenesin xanthan gum sodium citrate panthenol sodium hyaluronate citric acid sodium hydroxide hydroxyacetophenone,"['Exfoliating', 'Irritant', 'Irritant']",19,3,43.199999999999996,"menyegarkan kulit wajah, membersihkan pori-pori, meratakan tekstur kulit, mengeksfoliasi pori-pori, mencerahkan kulit, memperkecil tampilan pori-pori, mengurangi minyak berlebih, lembut di kulit, cocok untuk kulit berjerawat dan sensitif
","aqua (water), disodium edta, niacinamide, bis-peg-18 methyl ether dimethyl silane, 1,2-hexanediol, salicylic acid, glycerin, diethoxyethyl succinate, saccharomyces ferment filtrate, amylopectin, dextrin, chlorphenesin, xanthan gum, sodium citrate, panthenol, sodium hyaluronate, citric acid, sodium hydroxide, hydroxyacetophenone",menyegarkan kulit wajah membersihkan poripori meratakan tekstur kulit mengeksfoliasi poripori mencerahkan kulit memperkecil tampilan poripori mengurangi minyak berlebih lembut kulit cocok kulit berjerawat sensitif,disodium edta niacinamide bispeg18 methyl ether dimethyl silane 12hexanediol salicylic acid glycerin diethoxyethyl succinate saccharomyces ferment filtrate amylopectin dextrin chlorphenesin xanthan gum sodium citrate panthenol sodium hyaluronate citric acid sodium hydroxide hydroxyacetophenone
13,Ceramide B5 Balancing Toner,FACERINNA,toner,49000,melembapkan kulit menyegarkan kulit memperbaiki lapisan pelindung kulit menjaga skin barrier mencegah kulit kering mencegah iritasi kulit kelembapan ekstra menjaga kulit lembut kenyal cocok jenis kulit butylene glycol glycerin 12hexanediol pegppgpolybutylene glycol853 glycerin saccharomyces ferment filtrate xanthan gum disodium edta chlorphenesin polyglycerin10 dimethicone niacinamide sodium hydroxide sodium citrate panthenol sodium hyaluronate ceramide np citric acid hydrogenated lecithin hydroxyacetophenone ethylhexylglycerin,"['Irritant', 'Irritant']",21,2,0.0,"melembapkan kulit, menyegarkan kulit, memperbaiki lapisan pelindung kulit, menjaga skin barrier, mencegah kulit kering, mencegah iritasi kulit, memberikan kelembapan ekstra, menjaga kulit tetap lembut dan kenyal, cocok untuk semua jenis kulit
","aqua (water), butylene glycol, glycerin, 1,2-hexanediol, peg/ppg/polybutylene glycol-8/5/3 glycerin, saccharomyces ferment filtrate, xanthan gum, disodium edta, chlorphenesin, polyglycerin-10, dimethicone, niacinamide, sodium hydroxide, sodium citrate, panthenol, sodium hyaluronate, ceramide np, citric acid, hydrogenated lecithin, hydroxyacetophenone, ethylhexylglycerin",melembapkan kulit menyegarkan kulit memperbaiki lapisan pelindung kulit menjaga skin barrier mencegah kulit kering mencegah iritasi kulit kelembapan ekstra menjaga kulit lembut kenyal cocok jenis kulit,butylene glycol glycerin 12hexanediol pegppgpolybutylene glycol853 glycerin saccharomyces ferment filtrate xanthan gum disodium edta chlorphenesin polyglycerin10 dimethicone niacinamide sodium hydroxide sodium citrate panthenol sodium hyaluronate ceramide np citric acid hydrogenated lecithin hydroxyacetophenone ethylhexylglycerin
14,377 Dark Spot Essence Toner,Skintific,toner,105950,menyamarkan noda hitam mencerahkan kulit wajah meratakan warna kulit meningkatkan hidrasi kulit menjaga rona wajah sehat kulit halus kulit cerah butylene glycol glycerin 12hexanediol hydroxyacetophenone peg150 dipotassium glycyrrhizate niacinamide pentylene glycol carbomer arginine peg40 hydrogenated castor oil fructose trideceth9 allantoin disodium edta tamarindus indica seed polysaccharide trehalose sodium chloride maltose citric acid phenylethyl resorcinol propylene glycol sclareolide diglucosyl gallic acid hydroxyphenyl propamidobenzoic acid sodium hydroxide glucose ascorbyl palmitate silica,"['Irritant', 'Allergen', 'Irritant']",30,3,33.6,"menyamarkan noda hitam, mencerahkan kulit wajah, meratakan warna kulit, meningkatkan hidrasi kulit, menjaga rona wajah sehat, membuat kulit tampak halus, membuat kulit tampak cerah
","aqua (water), butylene glycol, glycerin, 1,2-hexanediol, hydroxyacetophenone, peg-150, dipotassium glycyrrhizate, niacinamide, pentylene glycol, carbomer, arginine, peg-40 hydrogenated castor oil, fructose, trideceth-9, allantoin, disodium edta, tamarindus indica seed polysaccharide, trehalose, sodium chloride, maltose, citric acid, phenylethyl resorcinol, propylene glycol, sclareolide, diglucosyl gallic acid, hydroxyphenyl propamidobenzoic acid, sodium hydroxide, glucose, ascorbyl palmitate, silica",menyamarkan noda hitam mencerahkan kulit wajah meratakan warna kulit meningkatkan hidrasi kulit menjaga rona wajah sehat kulit halus kulit cerah,butylene glycol glycerin 12hexanediol hydroxyacetophenone peg150 dipotassium glycyrrhizate niacinamide pentylene glycol carbomer arginine peg40 hydrogenated castor oil fructose trideceth9 allantoin disodium edta tamarindus indica seed polysaccharide trehalose sodium chloride maltose citric acid phenylethyl resorcinol propylene glycol sclareolide diglucosyl gallic acid hydroxyphenyl propamidobenzoic acid sodium hydroxide glucose ascorbyl palmitate silica
15,CERA-NOL GEL TONER PADS,Biodance,toner,320000,hidrasi instan menenangkan kulit kering sensitif membentuk lapisan pelindung kelembapan menenangkan kulit berjerawat kemerahan menimbulkan iritasi aman kulit sensitif menghidrasi kulit butylene glycol 12hexanediol allantoin polyglyceryl10 laurate pentylene glycol arginine acrylatesc1030 alkyl acrylate crosspolymer ethylhexylglycerin caprylyl glycol disodium edta ammonium acryloyldimethyltauratevp copolymer maltodextrin hydrolyzed gardenia florida hydrolyzed hyaluronic acid panthenol ceramide np 23butanediol hydrogenated lecithin glyceryl stearate sodium hyaluronate cholesterol ceramide ceramide ap ceramide ns hydroxypropyltrimonium hyaluronate sodium acetylated hyaluronate hyaluronic acid hydrolyzed sodium hyaluronate sodium hyaluronate crosspolymer potassium hyaluronate ceramide eop,['Comedogenic'],32,1,5.0,"memberikan hidrasi instan, menenangkan kulit kering dan sensitif, membentuk lapisan pelindung kelembapan, menenangkan kulit berjerawat dan kemerahan, tidak menimbulkan iritasi, aman untuk kulit sensitif, menghidrasi kulit setiap hari
","aqua (water), butylene glycol, 1,2-hexanediol, allantoin, polyglyceryl-10 laurate, pentylene glycol, arginine, acrylates/c10-30 alkyl acrylate crosspolymer, ethylhexylglycerin, caprylyl glycol, disodium edta, ammonium acryloyldimethyltaurate/vp copolymer, maltodextrin, hydrolyzed gardenia florida extract, hydrolyzed hyaluronic acid, panthenol, ceramide np, 2,3-butanediol, hydrogenated lecithin, glyceryl stearate, sodium hyaluronate, cholesterol, ceramide as, ceramide ap, ceramide ns, hydroxypropyltrimonium hyaluronate, sodium acetylated hyaluronate, hyaluronic acid, hydrolyzed sodium hyaluronate, sodium hyaluronate crosspolymer, potassium hyaluronate, ceramide eop  ",hidrasi instan menenangkan kulit kering sensitif membentuk lapisan pelindung kelembapan menenangkan kulit berjerawat kemerahan menimbulkan iritasi aman kulit sensitif menghidrasi kulit,butylene glycol 12hexanediol allantoin polyglyceryl10 laurate pentylene glycol arginine acrylatesc1030 alkyl acrylate crosspolymer ethylhexylglycerin caprylyl glycol disodium edta ammonium acryloyldimethyltauratevp copolymer maltodextrin hydrolyzed gardenia florida hydrolyzed hyaluronic acid panthenol ceramide np 23butanediol hydrogenated lecithin glyceryl stearate sodium hyaluronate cholesterol ceramide ceramide ap ceramide ns hydroxypropyltrimonium hyaluronate sodium acetylated hyaluronate hyaluronic acid hydrolyzed sodium hyaluronate sodium hyaluronate crosspolymer potassium hyaluronate ceramide eop
16,COLLAGEN GEL TONER PADS,Biodance,toner,320000,meningkatkan elastisitas kulit menghaluskan tampilan poripori menyerap cepat kulit mengurangi tandatanda penuaan melawan radikal bebas hidrasi menenangkan efek mendinginkan menyebabkan iritasi aman kulit sensitif collagen butylene glycol 12hexanediol polyglyceryl10 laurate glycerin ethylhexylglycerin arginine allantoin carbomer xanthan gum disodium edta sodium polyacrylate cyanocobalamin palmitoyl tripeptide5 hydrolyzed hyaluronic acid collagen hydrolyzed elastin galactomyces ferment filtrate hyaluronic acid shpolypeptide22 sholigopeptide1 shpolypeptide1 sholigopeptide2 shpolypeptide3,[],25,0,9.2,"meningkatkan elastisitas kulit, menghaluskan tampilan pori-pori, menyerap cepat ke kulit, mengurangi tanda-tanda penuaan, melawan radikal bebas, memberikan hidrasi yang menenangkan, memberikan efek mendinginkan, tidak menyebabkan iritasi, aman untuk kulit sensitif
","aqua (water), collagen water, butylene glycol, 1,2-hexanediol, polyglyceryl-10 laurate, glycerin, ethylhexylglycerin, arginine, allantoin, carbomer, xanthan gum, disodium edta, sodium polyacrylate, cyanocobalamin, palmitoyl tripeptide-5, hydrolyzed hyaluronic acid, collagen extract, hydrolyzed elastin, galactomyces ferment filtrate, hyaluronic acid, sh-polypeptide-22, sh-oligopeptide-1, sh-polypeptide-1, sh-oligopeptide-2, sh-polypeptide-3   ",meningkatkan elastisitas kulit menghaluskan tampilan poripori menyerap cepat kulit mengurangi tandatanda penuaan melawan radikal bebas hidrasi menenangkan efek mendinginkan menyebabkan iritasi aman kulit sensitif,collagen butylene glycol 12hexanediol polyglyceryl10 laurate glycerin ethylhexylglycerin arginine allantoin carbomer xanthan gum disodium edta sodium polyacrylate cyanocobalamin palmitoyl tripeptide5 hydrolyzed hyaluronic acid collagen hydrolyzed elastin galactomyces ferment filtrate hyaluronic acid shpolypeptide22 sholigopeptide1 shpolypeptide1 sholigopeptide2 shpolypeptide3
17,Blessing Of Sprout Radiance Toner,Hayejin,toner,189000,mencerahkan kulit kusam menyamarkan tampilan noda hitam hidrasi kulit menambah vitalitas kulit lelah menyehatkan kulit wajah hypoallergenic lembut kulit cocok jenis kulit aman kulit sensitif mengandung kapsul kecerahan alami mengandung lotus herbal dipropylene glycol 12hexanediol butylene glycol betaine methyl gluceth20 panthenol c1213 pareth9 carbomer tromethamine sodium phytate parfum ethylhexylglycerin nelumbo nucifera germ sodium hyaluronate ectoin synthetic fluorphlogopite ammonium acryloyldimethyltauratevp copolymer brassica campestris sprout brassica oleracea italica broccoli sprout sophora japonica bud triticum vulgare sprout tin oxide limonene hexyl cinnamal linalool geraniol ci 77891 titanium dioxide,"['Allergen', 'Allergen', 'Allergen', 'Allergen', 'Allergen', 'Allergen']",29,6,1029.3,"mencerahkan kulit kusam, menyamarkan tampilan noda hitam, memberikan hidrasi pada kulit, menambah vitalitas kulit yang lelah, menyehatkan kulit wajah, hypoallergenic dan lembut di kulit, cocok untuk semua jenis kulit, aman untuk kulit sensitif, mengandung kapsul kecerahan alami, mengandung ekstrak lotus dan herbal
","aqua (water), dipropylene glycol, 1,2-hexanediol, butylene glycol, betaine, methyl gluceth-20, panthenol, c12-13 pareth-9, carbomer, tromethamine, sodium phytate, parfum, ethylhexylglycerin, nelumbo nucifera germ extract, sodium hyaluronate, ectoin, synthetic fluorphlogopite, agar, ammonium acryloyldimethyltaurate/vp copolymer, brassica campestris sprout extract, brassica oleracea italica (broccoli) sprout extract, sophora japonica bud extract, triticum vulgare sprout extract, tin oxide, limonene, hexyl cinnamal, linalool, geraniol, ci 77891 (titanium dioxide)",mencerahkan kulit kusam menyamarkan tampilan noda hitam hidrasi kulit menambah vitalitas kulit lelah menyehatkan kulit wajah hypoallergenic lembut kulit cocok jenis kulit aman kulit sensitif mengandung kapsul kecerahan alami mengandung lotus herbal,dipropylene glycol 12hexanediol butylene glycol betaine methyl gluceth20 panthenol c1213 pareth9 carbomer tromethamine sodium phytate parfum ethylhexylglycerin nelumbo nucifera germ sodium hyaluronate ectoin synthetic fluorphlogopite ammonium acryloyldimethyltauratevp copolymer brassica campestris sprout brassica oleracea italica broccoli sprout sophora japonica bud triticum vulgare sprout tin oxide limonene hexyl cinnamal linalool geraniol ci 77891 titanium dioxide
18,Pine Calming Cica Toner,Round Lab,toner,284050,menghidrasi kulit menenangkan kulit sensitif membantu meredakan iritasi efek menyejukkan menjaga kulit lembap cocok kulit kemerahan lembut penggunaan harian pinus densiflora leaf propanediol glycerin houttuynia cordata 12hexanediol butylene glycol hyaluronic acid hydrolyzed hyaluronic acid sodium hyaluronate glycoproteins ethylhexylglycerin morinda citrifolia leaf morinda citrifolia flower asiaticoside asiatic acid madecassoside madecassic acid gluconolactone capryloyl salicylic acid sodium citrate hydroxyacetophenone disodium edta citric acid,"['Exfoliating', 'Exfoliating', 'Irritant']",24,3,81.6,"menghidrasi kulit, menenangkan kulit sensitif, membantu meredakan iritasi, memberikan efek menyejukkan, menjaga kulit tetap lembap, cocok untuk kulit kemerahan, lembut untuk penggunaan harian","aqua (water), pinus densiflora leaf extract, propanediol, glycerin, houttuynia cordata extract, 1,2-hexanediol, butylene glycol, hyaluronic acid, hydrolyzed hyaluronic acid, sodium hyaluronate, glycoproteins, ethylhexylglycerin, morinda citrifolia leaf extract, morinda citrifolia flower extract, asiaticoside, asiatic acid, madecassoside, madecassic acid, gluconolactone, capryloyl salicylic acid, sodium citrate, hydroxyacetophenone, disodium edta, citric acid   ",menghidrasi kulit menenangkan kulit sensitif membantu meredakan iritasi efek menyejukkan menjaga kulit lembap cocok kulit kemerahan lembut penggunaan harian,pinus densiflora leaf propanediol glycerin houttuynia cordata 12hexanediol butylene glycol hyaluronic acid hydrolyzed hyaluronic acid sodium hyaluronate glycoproteins ethylhexylglycerin morinda citrifolia leaf morinda citrifolia flower asiaticoside asiatic acid madecassoside madecassic acid gluconolactone capryloyl salicylic acid sodium citrate hydroxyacetophenone disodium edta citric acid
19,Boost Radiance & Hydrating Facial Toner,LANBENA,toner,186480,hidrasi jangka menutrisi kulit mencerahkan kulit kusam mengurangi tampilan kusam menenangkan kulit sensitif memperbaiki kondisi kulit teriritasi membantu melembapkan kulit intens mengandung antioksidan vitamin c butylene glycol glycerin 12hexanediol trehalose niacinamide bifida ferment filtrate peg12 dimethicone crosspolymer hydroxyacetophenone ammonium acryloyldimethyltauratebeheneth25 methacrylate crosspolymer 2oethyl ascorbic acid alphaarbutin allantoin propylene glycol disodium edta peg40 hydrogenated castor oil bacillussoybean ferment 3oethyl ascorbic acid citrus aurantium dulcis orange peel oil citrus reticulata tangerine peel ascorbic acid ascorbyl tetraisopalmitate ascorbyl palmitate sodium hyaluronate actinidia chinensis kiwi fruit folic acid,"['Fototoxic', 'Allergen', 'Allergen']",26,3,0.0,"memberikan hidrasi jangka panjang, menutrisi kulit, mencerahkan kulit kusam, mengurangi tampilan kusam, menenangkan kulit sensitif, memperbaiki kondisi kulit teriritasi, membantu melembapkan kulit secara intens, mengandung antioksidan vitamin c","aqua (water), butylene glycol, glycerin, 1,2-hexanediol, trehalose, niacinamide, bifida ferment filtrate, peg-12 dimethicone crosspolymer, hydroxyacetophenone, ammonium acryloyldimethyltaurate/beheneth-25 methacrylate crosspolymer, 2-o-ethyl ascorbic acid, alpha-arbutin, allantoin, propylene glycol, disodium edta, peg-40 hydrogenated castor oil, bacillus/soybean ferment extract, 3-o-ethyl ascorbic acid, citrus aurantium dulcis (orange) peel oil, citrus reticulata (tangerine) peel extract, ascorbic acid, ascorbyl tetraisopalmitate, ascorbyl palmitate, sodium hyaluronate, actinidia chinensis (kiwi) fruit extract, folic acid",hidrasi jangka menutrisi kulit mencerahkan kulit kusam mengurangi tampilan kusam menenangkan kulit sensitif memperbaiki kondisi kulit teriritasi membantu melembapkan kulit intens mengandung antioksidan vitamin c,butylene glycol glycerin 12hexanediol trehalose niacinamide bifida ferment filtrate peg12 dimethicone crosspolymer hydroxyacetophenone ammonium acryloyldimethyltauratebeheneth25 methacrylate crosspolymer 2oethyl ascorbic acid alphaarbutin allantoin propylene glycol disodium edta peg40 hydrogenated castor oil bacillussoybean ferment 3oethyl ascorbic acid citrus aurantium dulcis orange peel oil citrus reticulata tangerine peel ascorbic acid ascorbyl tetraisopalmitate ascorbyl palmitate sodium hyaluronate actinidia chinensis kiwi fruit folic acid
20,Brightening Vita Peeling Pad,Dr.G,toner,314100,mengangkat kotoran sel kulit mati mengeksfoliasi kulit lembut menjaga kulit ternutrisi dipropylene glycolpropanediol niacinamide gluconolactone 12hexanediol pentylene glycol tromethamine glycerin panthenol allantoin dipotassium glycyrrhizate 3oethyl ascorbic acid lactobionic acid glyceryl acrylateacrylic acid copolymer disodium edta salix nigra willow bark butylene glycol c1213 alketh9 pvmma copolymer hamamelis virginiana witch hazel leaf methyl diisopropyl propionamide betaglucan,"['Exfoliating', 'Exfoliating', 'Drying']",22,3,20.0,"mengangkat kotoran dan sel kulit mati, mengeksfoliasi kulit secara lembut, menjaga kulit tetap ternutrisi","aqua (water), dipropylene glycol,propanediol, niacinamide, gluconolactone, 1,2-hexanediol, pentylene glycol, tromethamine, glycerin, panthenol, allantoin, dipotassium glycyrrhizate, 3-o-ethyl ascorbic acid, lactobionic acid, glyceryl acrylate/acrylic acid copolymer, disodium edta, salix nigra (willow) bark extract, butylene glycol, c12-13 alketh-9, pvm/ma copolymer, hamamelis virginiana (witch hazel) leaf extract, methyl diisopropyl propionamide, beta-glucan",mengangkat kotoran sel kulit mati mengeksfoliasi kulit lembut menjaga kulit ternutrisi,dipropylene glycolpropanediol niacinamide gluconolactone 12hexanediol pentylene glycol tromethamine glycerin panthenol allantoin dipotassium glycyrrhizate 3oethyl ascorbic acid lactobionic acid glyceryl acrylateacrylic acid copolymer disodium edta salix nigra willow bark butylene glycol c1213 alketh9 pvmma copolymer hamamelis virginiana witch hazel leaf methyl diisopropyl propionamide betaglucan
21,Houttuynia Cordata Cotton Toner Pad,All Natural,toner,300300,menyegarkan kulit menghidrasi kulit menenangkan kulit teriritasi ringan menjaga kulit lembap glycerin dipropylene glycol methylpropanediol 12hexanediol houttuynia cordata betaine hydroxyacetophenone polyglyceryl10 laurate hydroxyethyl acrylatesodium acryloyldimethyl taurate copolymer allantoin caprylyl glycol polyglyceryl10 myristate ethylhexylglycerin disodium edta sorbitan isostearate butylene glycol citrus aurantium bergamia bergamot fruit oil sodium hyaluronate portulaca oleracea dipotassium glycyrrhizate camellia sinensis green tea leaf centella asiatica tocopherol,"['Fototoxic', 'Allergen']",24,2,9.8,"menyegarkan kulit, menghidrasi kulit, menenangkan kulit yang teriritasi ringan, menjaga kulit tetap lembap","aqua (water), glycerin, dipropylene glycol, methylpropanediol, 1,2-hexanediol, houttuynia cordata extract, betaine, hydroxyacetophenone, polyglyceryl-10 laurate, hydroxyethyl acrylate/sodium acryloyldimethyl taurate copolymer, allantoin, caprylyl glycol, polyglyceryl-10 myristate, ethylhexylglycerin, disodium edta, sorbitan isostearate, butylene glycol, citrus aurantium bergamia (bergamot) fruit oil, sodium hyaluronate, portulaca oleracea extract, dipotassium glycyrrhizate, camellia sinensis (green tea) leaf extract, centella asiatica extract, tocopherol",menyegarkan kulit menghidrasi kulit menenangkan kulit teriritasi ringan menjaga kulit lembap,glycerin dipropylene glycol methylpropanediol 12hexanediol houttuynia cordata betaine hydroxyacetophenone polyglyceryl10 laurate hydroxyethyl acrylatesodium acryloyldimethyl taurate copolymer allantoin caprylyl glycol polyglyceryl10 myristate ethylhexylglycerin disodium edta sorbitan isostearate butylene glycol citrus aurantium bergamia bergamot fruit oil sodium hyaluronate portulaca oleracea dipotassium glycyrrhizate camellia sinensis green tea leaf centella asiatica tocopherol
22,Overnight Glow Exfoliating Mousse Solution,Hale,toner,169000,mengangkat sel kulit mati membersihkan membuka poripori memperbaiki tekstur kulit mencerahkan kulit kusam menjaga barrier kulit sehat menghidrasi kulit menenangkan kulit melindungi kulit polutan menyegarkan melembutkan kulit menimbulkan iritasi mengurangi tampilan poripori cocok kulit sensitif praktis kapas bilas lactic acid butylene glycol cocamidopropyl dimethylamine salicylic acid panthenol glycerin pentylene glycol pachyrhizus erosus root sodium hydroxide 12hexanediol gluconolactone allantoin propanediol ethylhexylglycerin sodium phytate tremella fuciformis mushroom ascorbyl glucoside magnesium chloride calcium gluconate tocopherol pyridoxine hcl yeast cyanocobalamin,"['Exfoliating', 'Exfoliating', 'Irritant', 'Exfoliating']",24,4,4.8,"mengangkat sel kulit mati, membersihkan dan membuka pori-pori, memperbaiki tekstur kulit, mencerahkan kulit kusam, menjaga barrier kulit tetap sehat, menghidrasi kulit, menenangkan kulit, melindungi kulit dari polutan, menyegarkan dan melembutkan kulit, tidak menimbulkan iritasi, mengurangi tampilan pori-pori, cocok untuk kulit sensitif, praktis digunakan tanpa kapas dan bilas","aqua (water), lactic acid, butylene glycol, cocamidopropyl dimethylamine, salicylic acid, panthenol, glycerin, pentylene glycol, pachyrhizus erosus root extract, sodium hydroxide, 1,2-hexanediol, gluconolactone, allantoin, propanediol, ethylhexylglycerin, sodium phytate, tremella fuciformis (mushroom) extract, ascorbyl glucoside, magnesium chloride, calcium gluconate, tocopherol, pyridoxine hcl, yeast extract, cyanocobalamin",mengangkat sel kulit mati membersihkan membuka poripori memperbaiki tekstur kulit mencerahkan kulit kusam menjaga barrier kulit sehat menghidrasi kulit menenangkan kulit melindungi kulit polutan menyegarkan melembutkan kulit menimbulkan iritasi mengurangi tampilan poripori cocok kulit sensitif praktis kapas bilas,lactic acid butylene glycol cocamidopropyl dimethylamine salicylic acid panthenol glycerin pentylene glycol pachyrhizus erosus root sodium hydroxide 12hexanediol gluconolactone allantoin propanediol ethylhexylglycerin sodium phytate tremella fuciformis mushroom ascorbyl glucoside magnesium chloride calcium gluconate tocopherol pyridoxine hcl yeast cyanocobalamin
23,Watermide Moisture Pad,Mediheal,toner,322050,mengunci kelembapan kulit kering meningkatkan hidrasi signifikan efek cooling cepat dipropylene glycol glycereth26 betaine olea europaea olive fruit oil abies sibirica oil rosmarinus officinalis rosemary leaf oil salvia sclarea clary oil anthemis nobilis flower oil juniperus mexicana oil chamomilla recutita matricaria flower oil sodium hyaluronate octyldodeceth16 sodium pca hydroxyethyl urea xanthan gum sodium citrate allantoin citric acid disodium edta glycerin dipotassium glycyrrhizate butylene glycol sorbitol betaglucan serine glycine squalane glutamic acid alanine lysine arginine threonine dimethylsilanol hyaluronate hydrolyzed sodium hyaluronate hydrolyzed hyaluronic acid potassium hyaluronate proline hyaluronic acid sodium hyaluronate crosspolymer hydroxypropyltrimonium hyaluronate sodium hyaluronate dimethylsilanol sodium acetylated hyaluronate 12hexanediol hydroxyacetophenone,"['Comedogenic', 'Allergen', 'Allergen', 'Allergen', 'Allergen', 'Allergen', 'Allergen', 'Irritant']",45,8,259.2,"mengunci kelembapan kulit kering, meningkatkan hidrasi signifikan, memberikan efek cooling cepat","aqua (water), dipropylene glycol, glycereth-26, betaine, olea europaea (olive) fruit oil, abies sibirica oil, rosmarinus officinalis (rosemary) leaf oil, salvia sclarea (clary) oil, anthemis nobilis flower oil, juniperus mexicana oil, chamomilla recutita (matricaria) flower oil, sodium hyaluronate, octyldodeceth-16, sodium pca, hydroxyethyl urea, xanthan gum, sodium citrate, allantoin, citric acid, disodium edta, glycerin, dipotassium glycyrrhizate, butylene glycol, sorbitol, beta-glucan, serine, glycine, squalane, glutamic acid, alanine, lysine, arginine, threonine, dimethylsilanol hyaluronate, hydrolyzed sodium hyaluronate, hydrolyzed hyaluronic acid, potassium hyaluronate, proline, hyaluronic acid, sodium hyaluronate crosspolymer, hydroxypropyltrimonium hyaluronate, sodium hyaluronate dimethylsilanol, sodium acetylated hyaluronate, 1,2-hexanediol, hydroxyacetophenone   ",mengunci kelembapan kulit kering meningkatkan hidrasi signifikan efek cooling cepat,dipropylene glycol glycereth26 betaine olea europaea olive fruit oil abies sibirica oil rosmarinus officinalis rosemary leaf oil salvia sclarea clary oil anthemis nobilis flower oil juniperus mexicana oil chamomilla recutita matricaria flower oil sodium hyaluronate octyldodeceth16 sodium pca hydroxyethyl urea xanthan gum sodium citrate allantoin citric acid disodium edta glycerin dipotassium glycyrrhizate butylene glycol sorbitol betaglucan serine glycine squalane glutamic acid alanine lysine arginine threonine dimethylsilanol hyaluronate hydrolyzed sodium hyaluronate hydrolyzed hyaluronic acid potassium hyaluronate proline hyaluronic acid sodium hyaluronate crosspolymer hydroxypropyltrimonium hyaluronate sodium hyaluronate dimethylsilanol sodium acetylated hyaluronate 12hexanediol hydroxyacetophenone
24,Collagen Ampoule Pad,Mediheal,toner,322050,meningkatkan elastisitas kulit mengurangi tampilan garis halus glycerin glycereth26 diphenyl dimethicone 12 hexanediol triethylhexanoin betaine hydroxyacetophenone hydrogenated lecithin polyglyceryl10 oleate hydroxyethyl urea dipotassium glycyrrhizate sodium citrate allantoin octyldodeceth16 xanthan gum hydroxyethylcellulose collagen adenosine citric acid disodium edta olea europaea olive fruit oil butylene glycol pelargonium graveolens flower oil lavandula angustifolia lavender oil anthemis nobilis flower oil citrus aurantium dulcis orange peel oil juniperus mexicana oil mangifera indica mango fruit lactobacillus ferment ceramide np milk protein caprylyl glycol tripeptide1 acetyl hexapeptide8 copper tripeptide1 palmitoyl tripeptide1 palmitoyl pentapeptide4,"['Comedogenic', 'Irritant', 'Comedogenic', 'Allergen', 'Allergen', 'Allergen', 'Fototoxic', 'Allergen', 'Allergen', 'Allergen']",38,10,403.2,"meningkatkan elastisitas kulit, mengurangi tampilan garis halus","aqua (water), glycerin, glycereth-26, diphenyl dimethicone, 1,2- hexanediol,  triethylhexanoin, betaine, hydroxyacetophenone, hydrogenated lecithin, polyglyceryl-10 oleate, hydroxyethyl urea, dipotassium glycyrrhizate, sodium citrate, allantoin, octyldodeceth-16, xanthan gum, hydroxyethylcellulose, collagen extract, adenosine, citric acid, disodium edta, olea europaea (olive) fruit oil, butylene glycol, pelargonium graveolens flower oil, lavandula angustifolia (lavender) oil, anthemis nobilis flower oil, citrus aurantium dulcis (orange) peel oil, juniperus mexicana oil, mangifera indica (mango) fruit extract, lactobacillus ferment, ceramide np, milk protein extract, caprylyl glycol, tripeptide-1, acetyl hexapeptide-8, copper tripeptide-1, palmitoyl tripeptide-1, palmitoyl pentapeptide-4    ",meningkatkan elastisitas kulit mengurangi tampilan garis halus,glycerin glycereth26 diphenyl dimethicone 12 hexanediol triethylhexanoin betaine hydroxyacetophenone hydrogenated lecithin polyglyceryl10 oleate hydroxyethyl urea dipotassium glycyrrhizate sodium citrate allantoin octyldodeceth16 xanthan gum hydroxyethylcellulose collagen adenosine citric acid disodium edta olea europaea olive fruit oil butylene glycol pelargonium graveolens flower oil lavandula angustifolia lavender oil anthemis nobilis flower oil citrus aurantium dulcis orange peel oil juniperus mexicana oil mangifera indica mango fruit lactobacillus ferment ceramide np milk protein caprylyl glycol tripeptide1 acetyl hexapeptide8 copper tripeptide1 palmitoyl tripeptide1 palmitoyl pentapeptide4
25,Peach 77% Niacin Essence Toner,Anua,toner,289000,menghidrasi kulit membantu base makeup tahan halus memperkuat lapisan kelembapan kulit mengangkat sel kulit mati membersihkan poripori kulit halus berseri mencerahkan kulit menyebabkan iritasi cocok jenis kulit prunus persica peach fruit 23butanediol glycerin dipropylene glycol niacinamide butylene glycol 12hexanediol lactobacillus ferment methylpropanediol streptococcus thermophilus ferment pyrus malus apple juice bifida ferment lysate bacillus ferment phellinus linteus xylose galactomyces ferment filtrate alphaarbutin prunus persica peach flower sodium hyaluronate hydrolyzed vegetable protein polyglyceryl10 laurate propanediol squalane acrylatesc1030 alkyl acrylate crosspolymer capryliccapric triglyceride diphenyl dimethicone triethylhexanoin ethylhexylglycerin polyglyceryl10 stearate adenosine hydrogenated lecithin dipotassium glycyrrhizate tromethamine sodium polyacrylate panthenol sodium hyaluronate crosspolymer ceramide np allantoin cyanocobalamin polyglutamic acid sodium stearoyl glutamate tocopherol ascorbyl glucoside betaine salicylate ascorbic acid maltodextrin glycine serine glutamic acid aspartic acid leucine alanine lysine arginine tyrosine phenylalanine proline threonine valine isoleucine histidine cysteine methionine xanthan gum parfum,"['Allergen', 'Allergen', 'Allergen', 'Comedogenic', 'Comedogenic', 'Allergen']",66,6,42.300000000000004,"menghidrasi kulit, membantu base makeup agar tahan lama dan halus, memperkuat lapisan kelembapan kulit, mengangkat sel kulit mati dan membersihkan pori-pori, membuat kulit halus dan berseri, mencerahkan kulit, tidak menyebabkan iritasi, cocok untuk semua jenis kulit","prunus persica (peach) fruit extract, 2,3-butanediol, aqua (water), glycerin, dipropylene glycol, niacinamide, butylene glycol, 1,2-hexanediol, lactobacillus ferment, methylpropanediol, streptococcus thermophilus ferment, pyrus malus (apple) juice, bifida ferment lysate, bacillus ferment, phellinus linteus extract, xylose, galactomyces ferment filtrate, alpha-arbutin, prunus persica (peach) flower extract, sodium hyaluronate, hydrolyzed vegetable protein, polyglyceryl-10 laurate, propanediol, squalane, acrylates/c10-30 alkyl acrylate crosspolymer, caprylic/capric triglyceride, diphenyl dimethicone, triethylhexanoin, ethylhexylglycerin, polyglyceryl-10 stearate, adenosine, hydrogenated lecithin, dipotassium glycyrrhizate, tromethamine, sodium polyacrylate, panthenol, sodium hyaluronate crosspolymer, ceramide np, allantoin, cyanocobalamin, polyglutamic acid, sodium stearoyl glutamate, tocopherol, ascorbyl glucoside, betaine salicylate, ascorbic acid, maltodextrin, glycine, serine, glutamic acid, aspartic acid, leucine, alanine, lysine, arginine, tyrosine, phenylalanine, proline, threonine, valine, isoleucine, histidine, cysteine, methionine, xanthan gum, parfum",menghidrasi kulit membantu base makeup tahan halus memperkuat lapisan kelembapan kulit mengangkat sel kulit mati membersihkan poripori kulit halus berseri mencerahkan kulit menyebabkan iritasi cocok jenis kulit,prunus persica peach fruit 23butanediol glycerin dipropylene glycol niacinamide butylene glycol 12hexanediol lactobacillus ferment methylpropanediol streptococcus thermophilus ferment pyrus malus apple juice bifida ferment lysate bacillus ferment phellinus linteus xylose galactomyces ferment filtrate alphaarbutin prunus persica peach flower sodium hyaluronate hydrolyzed vegetable protein polyglyceryl10 laurate propanediol squalane acrylatesc1030 alkyl acrylate crosspolymer capryliccapric triglyceride diphenyl dimethicone triethylhexanoin ethylhexylglycerin polyglyceryl10 stearate adenosine hydrogenated lecithin dipotassium glycyrrhizate tromethamine sodium polyacrylate panthenol sodium hyaluronate crosspolymer ceramide np allantoin cyanocobalamin polyglutamic acid sodium stearoyl glutamate tocopherol ascorbyl glucoside betaine salicylate ascorbic acid maltodextrin glycine serine glutamic acid aspartic acid leucine alanine lysine arginine tyrosine phenylalanine proline threonine valine isoleucine histidine cysteine methionine xanthan gum parfum
26,Essence Toner Pad,Pyunkang Yul,toner,190400,kulit sehat halus membantu mengangkat sel kulit mati melembapkan menyegarkan kulit wajah efek sejuk menenangkan merawat skin barrier direkomendasikan jenis kulit seharihari 12hexanediol butylene glycol astragalus membranaceus root bispeg18 methyl ether dimethyl silane glycerin hydroxyethylcellulose allantoin sodium phosphate disodium phosphate polysorbate 60 sodium hyaluronate lecithin capryliccapric triglyceride salix alba willow bark houttuynia cordata centella asiatica ceramide np,"['Comedogenic', 'Allergen']",18,2,5.0,"membuat kulit tampak sehat dan terasa halus, membantu mengangkat sel kulit mati, melembapkan dan menyegarkan kulit wajah, memberi efek sejuk dan menenangkan, merawat skin barrier, direkomendasikan untuk semua jenis kulit, dapat digunakan sehari-hari","aqua (water), 1,2-hexanediol, butylene glycol, astragalus membranaceus root extract, bis-peg-18 methyl ether dimethyl silane, glycerin, hydroxyethylcellulose, allantoin, sodium phosphate, disodium phosphate,, polysorbate 60, sodium hyaluronate, lecithin, caprylic/capric triglyceride, salix alba (willow) bark extract, houttuynia cordata extract, centella asiatica extract, ceramide np",kulit sehat halus membantu mengangkat sel kulit mati melembapkan menyegarkan kulit wajah efek sejuk menenangkan merawat skin barrier direkomendasikan jenis kulit seharihari,12hexanediol butylene glycol astragalus membranaceus root bispeg18 methyl ether dimethyl silane glycerin hydroxyethylcellulose allantoin sodium phosphate disodium phosphate polysorbate 60 sodium hyaluronate lecithin capryliccapric triglyceride salix alba willow bark houttuynia cordata centella asiatica ceramide np
27,Glow Replenishing Rice Milk,Beauty of Joseon,toner,224000,membantu meningkatkan kelembapan kulit menjaga kulit terhidrasi hasil segar berminyak membantu menyamarkan tampilan poripori bermanfaat kulit rawan berjerawat methylpropanediol propanediol 12hexanediol glycerin glycereth26 polymethyl methacrylate oryza sativa rice coptis japonica root ulmus davidiana root amaranthus caudatus seed extractficus carica fig fruit centella asiatica theobroma cacao cocoa seed hydrogenated lecithin sodium hyaluronate panthenol hydroxyethyl urea aluminum chlorohydrate butylene glycol microcrystalline cellulose sodium citrate kaolin ethylhexylglycerin dipotassium glycyrrhizate citric acid dextrin ceramide np tocopherol rice amino acids,"['Allergen', 'Controversial', 'Drying', 'Irritant']",29,4,177.6,"membantu meningkatkan kelembapan kulit, menjaga kulit terhidrasi sepanjang hari, memberikan hasil akhir segar dan tidak berminyak, membantu menyamarkan tampilan pori-pori, bermanfaat untuk kulit rawan berjerawat","aqua (water), methylpropanediol, propanediol, 1,2-hexanediol, glycerin, glycereth-26, polymethyl methacrylate, oryza sativa (rice) extract, coptis japonica root extract, ulmus davidiana root extract, amaranthus caudatus seed extract,ficus carica (fig) fruit extract, centella asiatica extract, theobroma cacao (cocoa) seed extract, hydrogenated lecithin, sodium hyaluronate, panthenol, hydroxyethyl urea, aluminum chlorohydrate, butylene glycol, microcrystalline cellulose, sodium citrate, kaolin, ethylhexylglycerin, dipotassium glycyrrhizate, citric acid, dextrin, ceramide np, tocopherol, rice amino acids",membantu meningkatkan kelembapan kulit menjaga kulit terhidrasi hasil segar berminyak membantu menyamarkan tampilan poripori bermanfaat kulit rawan berjerawat,methylpropanediol propanediol 12hexanediol glycerin glycereth26 polymethyl methacrylate oryza sativa rice coptis japonica root ulmus davidiana root amaranthus caudatus seed extractficus carica fig fruit centella asiatica theobroma cacao cocoa seed hydrogenated lecithin sodium hyaluronate panthenol hydroxyethyl urea aluminum chlorohydrate butylene glycol microcrystalline cellulose sodium citrate kaolin ethylhexylglycerin dipotassium glycyrrhizate citric acid dextrin ceramide np tocopherol rice amino acids
28,Green Plum Refreshing Toner: AHA + BHA,Beauty of Joseon,toner,240000,membantu menenangkan kulit teriritasi ringan membantu mengangkat sel kulit mati melembutkan menghaluskan kulit wajah membantu membersihkan sisa kotoran membantu mengoptimalkan penyerapan skincare prunus mume fruit dipropylene glycol glycerin glycolic acid butylene glycol tromethamine 12hexanediol salicylic acid hydroxyacetophenone octyldodeceth16 c1214 pareth12 ethylhexylglycerin vigna radiata seed disodium edta xanthan gum melia azadirachta leaf melia azadirachta flower coccinia indica fruit ocimum sanctum leaf curcuma longa turmeric root aloe barbadensis flower solanum melongena eggplant fruit corallina officinalis,"['Exfoliating', 'Exfoliating', 'Staining', 'Allergen']",24,4,14.399999999999999,"membantu menenangkan kulit yang teriritasi ringan, membantu mengangkat sel kulit mati, melembutkan dan menghaluskan kulit wajah, membantu membersihkan sisa kotoran, membantu mengoptimalkan penyerapan skincare","aqua (water), prunus mume fruit water, dipropylene glycol, glycerin, glycolic acid, butylene glycol, tromethamine, 1,2-hexanediol, salicylic acid, hydroxyacetophenone, octyldodeceth-16, c12-14 pareth-12, ethylhexylglycerin, vigna radiata seed extract, disodium edta, xanthan gum, melia azadirachta leaf extract, melia azadirachta flower extract, coccinia indica fruit extract, ocimum sanctum leaf extract, curcuma longa (turmeric) root extract, aloe barbadensis flower extract, solanum melongena (eggplant) fruit extract, corallina officinalis extract",membantu menenangkan kulit teriritasi ringan membantu mengangkat sel kulit mati melembutkan menghaluskan kulit wajah membantu membersihkan sisa kotoran membantu mengoptimalkan penyerapan skincare,prunus mume fruit dipropylene glycol glycerin glycolic acid butylene glycol tromethamine 12hexanediol salicylic acid hydroxyacetophenone octyldodeceth16 c1214 pareth12 ethylhexylglycerin vigna radiata seed disodium edta xanthan gum melia azadirachta leaf melia azadirachta flower coccinia indica fruit ocimum sanctum leaf curcuma longa turmeric root aloe barbadensis flower solanum melongena eggplant fruit corallina officinalis
29,Retinol Collagen Lifting Pad,Mediheal,toner,359000,mengurangi kerutan mengencangkan kulit mengandung 99 pure retinol mengandung kolagen molekul rendah 300 dalton dipropylene glycol glycereth26 betaine 12hexanediol glycerin diphenyl dimethicone hydroxyacetophenone triethylhexanoin hydrogenated lecithin polyglyceryl10 oleate allantoin octyldodeceth16 sphingomonas ferment adenosine disodium edta sodium polyacrylate hydrolyzed collagen lavandula angustifolia lavender oil phytosterols anthemis nobilis flower oil retinol betaglucan ceramide np,"['Comedogenic', 'Allergen', 'Allergen', 'Irritant']",24,4,652.8,"mengurangi kerutan, mengencangkan kulit, mengandung 99% pure retinol, mengandung kolagen molekul rendah 300 dalton","aqua (water), dipropylene glycol, glycereth-26, betaine, 1,2-hexanediol, glycerin, diphenyl dimethicone, hydroxyacetophenone, triethylhexanoin, hydrogenated lecithin, polyglyceryl-10 oleate, allantoin, octyldodeceth-16, sphingomonas ferment extract, adenosine, disodium edta, sodium polyacrylate, hydrolyzed collagen, lavandula angustifolia (lavender) oil, phytosterols, anthemis nobilis flower oil, retinol, beta-glucan, ceramide np",mengurangi kerutan mengencangkan kulit mengandung 99 pure retinol mengandung kolagen molekul rendah 300 dalton,dipropylene glycol glycereth26 betaine 12hexanediol glycerin diphenyl dimethicone hydroxyacetophenone triethylhexanoin hydrogenated lecithin polyglyceryl10 oleate allantoin octyldodeceth16 sphingomonas ferment adenosine disodium edta sodium polyacrylate hydrolyzed collagen lavandula angustifolia lavender oil phytosterols anthemis nobilis flower oil retinol betaglucan ceramide np
30,Rice 70 Glow Milky Toner,Anua,toner,299000,mencerahkan kulit kusam warna merata menyeimbangkan produksi sebum menenangkan kulit teriritasi memperkuat lapisan kulit melembapkan kulit mengurangi peradangan tekstur ringan susu lengket menyegarkan fragrancefree cocok jenis kulit oryza sativa rice bran butylene glycol glycerin dipropylene glycol niacinamide propanediol 12hexanediol methyl gluceth20 panthenol betaine oryza sativa rice hydroxyacetophenone diphenyl dimethicone triethylhexanoin hydrogenated lecithin adenosine ethylhexylglycerin carbomer tromethamine xanthan gum glyceryl acrylateacrylic acid copolymer theobroma cacao cocoa seed sodium hyaluronate hydrolyzed hyaluronic acid hyaluronic acid dextrin hydrolyzed rice protein oryza sativa rice seed protein ceramide np sodium lauroyl lactylate arbutin ascorbic acid allantoin ceramide ap phytosphingosine cholesterol ceramide eop,['Comedogenic'],38,1,173.9,"mencerahkan kulit kusam dan warna tidak merata, menyeimbangkan produksi sebum, menenangkan kulit teriritasi, memperkuat lapisan kulit, melembapkan kulit, mengurangi peradangan, tekstur ringan seperti susu, tidak lengket dan menyegarkan, fragrance-free, cocok untuk semua jenis kulit","oryza sativa (rice) bran water, butylene glycol, glycerin, dipropylene glycol, niacinamide, propanediol, aqua (water), 1,2-hexanediol, methyl gluceth-20, panthenol, betaine, oryza sativa (rice) extract, hydroxyacetophenone, diphenyl dimethicone, triethylhexanoin, hydrogenated lecithin, adenosine, ethylhexylglycerin, carbomer, tromethamine, xanthan gum, glyceryl acrylate/acrylic acid copolymer, theobroma cacao (cocoa) seed extract, sodium hyaluronate, hydrolyzed hyaluronic acid, hyaluronic acid, dextrin, hydrolyzed rice protein, oryza sativa (rice) seed protein, ceramide np, sodium lauroyl lactylate, arbutin, ascorbic acid, allantoin, ceramide ap, phytosphingosine, cholesterol, ceramide eop",mencerahkan kulit kusam warna merata menyeimbangkan produksi sebum menenangkan kulit teriritasi memperkuat lapisan kulit melembapkan kulit mengurangi peradangan tekstur ringan susu lengket menyegarkan fragrancefree cocok jenis kulit,oryza sativa rice bran butylene glycol glycerin dipropylene glycol niacinamide propanediol 12hexanediol methyl gluceth20 panthenol betaine oryza sativa rice hydroxyacetophenone diphenyl dimethicone triethylhexanoin hydrogenated lecithin adenosine ethylhexylglycerin carbomer tromethamine xanthan gum glyceryl acrylateacrylic acid copolymer theobroma cacao cocoa seed sodium hyaluronate hydrolyzed hyaluronic acid hyaluronic acid dextrin hydrolyzed rice protein oryza sativa rice seed protein ceramide np sodium lauroyl lactylate arbutin ascorbic acid allantoin ceramide ap phytosphingosine cholesterol ceramide eop
31,Oil Control Cleanser pH Balanced,Biyu,other,99960,membersihkan kotoran mengontrol minyak berlebih sodium cocoamphoacetate hamamelis virginiana leaf decyl glucoside polyacrylate crosspolymer6 disodium cocoyl glutamate glycerin zinc pca sericin citric acid potassium sorbate sodium benzoate phenoxyethanol ethylhexylglycerin disodium edta,"['Drying', 'Allergen', 'Irritant', 'Drying']",15,4,2744.8,"membersihkan kotoran, mengontrol minyak berlebih","aqua (water), sodium cocoamphoacetate, hamamelis virginiana leaf water, decyl glucoside, polyacrylate crosspolymer-6, disodium cocoyl glutamate, glycerin, zinc pca, sericin, citric acid, potassium sorbate, sodium benzoate, phenoxyethanol, ethylhexylglycerin, disodium edta",membersihkan kotoran mengontrol minyak berlebih,sodium cocoamphoacetate hamamelis virginiana leaf decyl glucoside polyacrylate crosspolymer6 disodium cocoyl glutamate glycerin zinc pca sericin citric acid potassium sorbate sodium benzoate phenoxyethanol ethylhexylglycerin disodium edta
32,Pure Gentle Cleanser pH Balanced,Biyu,other,99960,membersihkan kulit efektif kulit kering menimbulkan tertarik kulit mencuci wajah kelembaban kulit hamamelis virginiana leaf decyl glucoside sodium cocoamphoacetate disodium cocoyl glutamate polyacrylate crosspolymer6 glycerin sericin citric acid dihydroxypropyl arginine hcl phenoxyethanol ethylhexylglycerin sodium pca disodium edta,"['Drying', 'Allergen', 'Irritant', 'Drying']",14,4,1231.4,"membersihkan kulit secara efektif tanpa membuat kulit kering, tidak menimbulkan rasa tertarik pada kulit setelah mencuci wajah, memberikan kelembaban pada kulit","aqua (water), hamamelis virginiana leaf water, decyl glucoside, sodium cocoamphoacetate, disodium cocoyl glutamate, polyacrylate crosspolymer-6, glycerin, sericin, citric acid, dihydroxypropyl arginine hcl, phenoxyethanol, ethylhexylglycerin, sodium pca, disodium edta",membersihkan kulit efektif kulit kering menimbulkan tertarik kulit mencuci wajah kelembaban kulit,hamamelis virginiana leaf decyl glucoside sodium cocoamphoacetate disodium cocoyl glutamate polyacrylate crosspolymer6 glycerin sericin citric acid dihydroxypropyl arginine hcl phenoxyethanol ethylhexylglycerin sodium pca disodium edta
33,Sungboon Editor Green Tomato Pore Lifting Ampoule Mask,Sungboon Editor,other,15000,membantu mengencangkan poripori hidrasi mendalam mencerahkan kulit kusam glycerin niacinamide isopentyldiol dipropylene glycol alcohol butylene glycol solanum lycopersicum tomato fruit 12hexanediol adenosine trehalose tocopherol panthenol allantoin acetyl hexapeptide8 copper tripeptide1 palmitoyl pentapeptide4 tripeptide1 hexapeptide9 palmitoyl tripeptide1 palmitoyl tripeptide5 hydrolyzed collagen erythritol bellis perennis daisy flower xylitylglucoside anhydroxylitol xylitol citrus aurantium bergamia bergamot fruit oil sodium hyaluronate crosspolymer hydrolyzed hyaluronic acid hyaluronic acid illicium verum anise fruit ethylhexylglycerin melia azadirachta leaf melia azadirachta flower coccinia indica fruit amber powder solanum melongena eggplant fruit ocimum sanctum leaf curcuma longa turmeric root corallina officinalis moringa oleifera seed oil tromethamine sodium hyaluronate pinus palustris leaf ulmus davidiana root oenothera biennis evening primrose flower pueraria lobata root gluconolactone raspberry ketone glucose propanediol hydrolyzed glycosaminoglycans benzyl glycol polyglyceryl10 myristate polyglyceryl10 laurate methylpropanediol phenyl trimethicone caprylyl glycol disodium edta xanthan gum sodium polyacrylate carbomer acrylatesc1030 alkyl acrylate crosspolymer,"['Drying', 'Allergen', 'Fototoxic', 'Allergen', 'Staining', 'Exfoliating', 'Irritant']",64,7,29.400000000000002,"membantu mengencangkan pori-pori, memberikan hidrasi mendalam, mencerahkan kulit kusam","aqua (water), glycerin, niacinamide, isopentyldiol, dipropylene glycol, alcohol, butylene glycol, solanum lycopersicum (tomato) fruit extract, 1,2-hexanediol, adenosine, trehalose, tocopherol, panthenol, allantoin, acetyl hexapeptide-8, copper tripeptide-1, palmitoyl pentapeptide-4, tripeptide-1, hexapeptide-9, palmitoyl tripeptide-1, palmitoyl tripeptide-5, hydrolyzed collagen, erythritol, bellis perennis (daisy) flower extract, xylitylglucoside, anhydroxylitol, xylitol, citrus aurantium bergamia (bergamot) fruit oil, sodium hyaluronate crosspolymer, hydrolyzed hyaluronic acid, hyaluronic acid, illicium verum (anise) fruit extract, ethylhexylglycerin, melia azadirachta leaf extract, melia azadirachta flower extract, coccinia indica fruit extract, amber powder, solanum melongena (eggplant) fruit extract, ocimum sanctum leaf extract, curcuma longa (turmeric) root extract, corallina officinalis extract, moringa oleifera seed oil, tromethamine, sodium hyaluronate, pinus palustris leaf extract, ulmus davidiana root extract, oenothera biennis (evening primrose) flower extract, pueraria lobata root extract, gluconolactone, raspberry ketone, glucose, propanediol, hydrolyzed glycosaminoglycans, benzyl glycol, polyglyceryl-10 myristate, polyglyceryl-10 laurate, methylpropanediol, phenyl trimethicone, caprylyl glycol, disodium edta, xanthan gum, sodium polyacrylate, carbomer, acrylates/c10-30 alkyl acrylate crosspolymer",membantu mengencangkan poripori hidrasi mendalam mencerahkan kulit kusam,glycerin niacinamide isopentyldiol dipropylene glycol alcohol butylene glycol solanum lycopersicum tomato fruit 12hexanediol adenosine trehalose tocopherol panthenol allantoin acetyl hexapeptide8 copper tripeptide1 palmitoyl pentapeptide4 tripeptide1 hexapeptide9 palmitoyl tripeptide1 palmitoyl tripeptide5 hydrolyzed collagen erythritol bellis perennis daisy flower xylitylglucoside anhydroxylitol xylitol citrus aurantium bergamia bergamot fruit oil sodium hyaluronate crosspolymer hydrolyzed hyaluronic acid hyaluronic acid illicium verum anise fruit ethylhexylglycerin melia azadirachta leaf melia azadirachta flower coccinia indica fruit amber powder solanum melongena eggplant fruit ocimum sanctum leaf curcuma longa turmeric root corallina officinalis moringa oleifera seed oil tromethamine sodium hyaluronate pinus palustris leaf ulmus davidiana root oenothera biennis evening primrose flower pueraria lobata root gluconolactone raspberry ketone glucose propanediol hydrolyzed glycosaminoglycans benzyl glycol polyglyceryl10 myristate polyglyceryl10 laurate methylpropanediol phenyl trimethicone caprylyl glycol disodium edta xanthan gum sodium polyacrylate carbomer acrylatesc1030 alkyl acrylate crosspolymer
34,Freshly Juiced Vitamin Mask Cleanser,Dear Klairs,other,173300,membersihkan wajah membantu mengangkat sel kulit mati mencerahkan kulit kusam menenangkan kulit menjaga kelembaban glycerin myristic acid potassium hydroxide palmitic acid stearic acid glyceryl stearate sorbitan olivate lauric acid sodium methyl cocoyl taurate hydroxypropyl starch phosphate potassium cocoyl glycinate lauryl hydroxysultaine glycol distearate citrus unshiu peel powder dipropylene glycol kaolin polyquaternium7 hydroxyacetophenone citrus aurantium dulcis orange peel oil caprylyl glycol sodium chloride gluconolactone sodium phytate melia azadirachta flower ocimum sanctum leaf melia azadirachta leaf curcuma longa turmeric root corallina officinalis panthenol sodium benzoate dipotassium glycyrrhizate niacinamide ascorbic acid glutathione butylene glycol capryliccapric triglyceride 12hexanediol hydrogenated lecithin sodium hyaluronate betaglucan hyaluronic acid hydrolyzed hyaluronic acid hydroxypropyltrimonium hyaluronate hydrolyzed sodium hyaluronate potassium hyaluronate pentylene glycol sodium hyaluronate crosspolymer sodium acetylated hyaluronate limonene,"['Comedogenic', 'Irritant', 'Comedogenic', 'Comedogenic', 'Comedogenic', 'Comedogenic', 'Drying', 'Fototoxic', 'Exfoliating', 'Staining', 'Comedogenic', 'Allergen']",50,12,0.0,"membersihkan wajah, membantu mengangkat sel kulit mati, mencerahkan kulit kusam, menenangkan kulit, menjaga kelembaban ","glycerin, aqua (water), myristic acid, potassium hydroxide, palmitic acid, stearic acid, glyceryl stearate se, sorbitan olivate, lauric acid, sodium methyl cocoyl taurate, hydroxypropyl starch phosphate, potassium cocoyl glycinate, lauryl hydroxysultaine, glycol distearate, citrus unshiu peel powder, dipropylene glycol, kaolin, polyquaternium-7, hydroxyacetophenone, citrus aurantium dulcis (orange) peel oil, caprylyl glycol, sodium chloride, gluconolactone, sodium phytate, melia azadirachta flower extract, ocimum sanctum leaf extract, melia azadirachta leaf extract, curcuma longa (turmeric) root extract, corallina officinalis extract, panthenol, sodium benzoate, dipotassium glycyrrhizate, niacinamide, ascorbic acid, glutathione, butylene glycol, caprylic/capric triglyceride, 1,2-hexanediol, hydrogenated lecithin, sodium hyaluronate, beta-glucan, hyaluronic acid, hydrolyzed hyaluronic acid, hydroxypropyltrimonium hyaluronate, hydrolyzed sodium hyaluronate, potassium hyaluronate, pentylene glycol, sodium hyaluronate crosspolymer, sodium acetylated hyaluronate, limonene   ",membersihkan wajah membantu mengangkat sel kulit mati mencerahkan kulit kusam menenangkan kulit menjaga kelembaban,glycerin myristic acid potassium hydroxide palmitic acid stearic acid glyceryl stearate sorbitan olivate lauric acid sodium methyl cocoyl taurate hydroxypropyl starch phosphate potassium cocoyl glycinate lauryl hydroxysultaine glycol distearate citrus unshiu peel powder dipropylene glycol kaolin polyquaternium7 hydroxyacetophenone citrus aurantium dulcis orange peel oil caprylyl glycol sodium chloride gluconolactone sodium phytate melia azadirachta flower ocimum sanctum leaf melia azadirachta leaf curcuma longa turmeric root corallina officinalis panthenol sodium benzoate dipotassium glycyrrhizate niacinamide ascorbic acid glutathione butylene glycol capryliccapric triglyceride 12hexanediol hydrogenated lecithin sodium hyaluronate betaglucan hyaluronic acid hydrolyzed hyaluronic acid hydroxypropyltrimonium hyaluronate hydrolyzed sodium hyaluronate potassium hyaluronate pentylene glycol sodium hyaluronate crosspolymer sodium acetylated hyaluronate limonene
35,2in1 Double Cleanser Micellar Gel + Face Wash,Gemistry,other,134100,membersihkan kotoran menjaga hidrasi merawat elastisitas menjaga skin barrier glycerin sodium laureth sulfate cocamidopropyl betaine dipropylene glycol decyl glucoside sodium chloride cocamide dea phenoxyethanol allantoin chlorphenesin maris sea citric acid disodium edta panthenol sodium benzoate ethylhexylglycerin sodium diethylenetriamine pentamethylene phosphonate sodium gluceptate 12hexanediol bifida ferment lysate lactobacillus ferment lysate lactococcus ferment lysate copper tripeptide1 hydrolyzed collagen polyglyceryl10 laurate nicotinoyl tripeptide1 palmitoyl pentapeptide4 tripeptide1 tripeptide29 hexapeptide9 acetyl hexapeptide8 acetyl tetrapeptide2 acetyl tetrapeptide5 hexapeptide11 hexapeptide67 palmitate octapeptide2 palmitoyl oligopeptide pentapeptide13 tetrapeptide44 tranexamoyl dipeptide23 nicotinoyl dipeptide23 nicotinoyl dipeptide24 tranexamoyl dipeptide22 palmitoyl tetrapeptide7 alaninehistidinelysine polypeptide copper hcl hexapeptide12 myristoyl pentapeptide17 nicotinoyl dipeptide22 nonapeptide1 palmitoyl tripeptide5 ci 14720 ci 16255 ci 42090,"['Irritant', 'Controversial', 'Drying', 'Irritant']",54,4,935.9000000000001,"membersihkan kotoran, menjaga hidrasi, merawat elastisitas, menjaga skin barrier","aqua (water), glycerin, sodium laureth sulfate, cocamidopropyl betaine, dipropylene glycol, decyl glucoside, sodium chloride, cocamide dea, phenoxyethanol, allantoin, chlorphenesin, maris aqua (sea water), citric acid, disodium edta, panthenol, sodium benzoate, ethylhexylglycerin, sodium diethylenetriamine pentamethylene phosphonate, sodium gluceptate, 1,2-hexanediol, bifida ferment lysate, lactobacillus ferment lysate, lactococcus ferment lysate, copper tripeptide-1, hydrolyzed collagen, polyglyceryl-10 laurate, nicotinoyl tripeptide-1, palmitoyl pentapeptide-4, tripeptide-1, tripeptide-29, hexapeptide-9, acetyl hexapeptide-8, acetyl tetrapeptide-2, acetyl tetrapeptide-5, hexapeptide-11, hexapeptide-67 palmitate, octapeptide-2, palmitoyl oligopeptide, pentapeptide-13, tetrapeptide-44, tranexamoyl dipeptide-23, nicotinoyl dipeptide-23, nicotinoyl dipeptide-24, tranexamoyl dipeptide-22, palmitoyl tetrapeptide-7, alanine/histidine/lysine polypeptide copper hcl, hexapeptide-12, myristoyl pentapeptide-17, nicotinoyl dipeptide-22, nonapeptide-1, palmitoyl tripeptide-5, ci 14720, ci 16255, ci 42090",membersihkan kotoran menjaga hidrasi merawat elastisitas menjaga skin barrier,glycerin sodium laureth sulfate cocamidopropyl betaine dipropylene glycol decyl glucoside sodium chloride cocamide dea phenoxyethanol allantoin chlorphenesin maris sea citric acid disodium edta panthenol sodium benzoate ethylhexylglycerin sodium diethylenetriamine pentamethylene phosphonate sodium gluceptate 12hexanediol bifida ferment lysate lactobacillus ferment lysate lactococcus ferment lysate copper tripeptide1 hydrolyzed collagen polyglyceryl10 laurate nicotinoyl tripeptide1 palmitoyl pentapeptide4 tripeptide1 tripeptide29 hexapeptide9 acetyl hexapeptide8 acetyl tetrapeptide2 acetyl tetrapeptide5 hexapeptide11 hexapeptide67 palmitate octapeptide2 palmitoyl oligopeptide pentapeptide13 tetrapeptide44 tranexamoyl dipeptide23 nicotinoyl dipeptide23 nicotinoyl dipeptide24 tranexamoyl dipeptide22 palmitoyl tetrapeptide7 alaninehistidinelysine polypeptide copper hcl hexapeptide12 myristoyl pentapeptide17 nicotinoyl dipeptide22 nonapeptide1 palmitoyl tripeptide5 ci 14720 ci 16255 ci 42090
36,Sungboon Editor Green Tomato Deep Pore Clean Enzyme Powder Wash,Sungboon Editor,other,75000,membersihkan poripori menjadikan kulit sehat halus zea mays corn starch sodium cocoyl isethionate sodium lauroyl glutamate sodium lauroyl aspartate sodium cocoyl glycinate camellia sinensis leaf powder solanum lycopersicum tomato fruit trehalose allantoin maltodextrin papain glucose bromelain gluconolactone glyceryl glucoside sodium hyaluronate crosspolymer sodium hyaluronate hydrolyzed hyaluronic acid glycerin hydrolyzed glycosaminoglycans hyaluronic acid glycosphingolipids ceramide np pueraria lobata root pinus palustris leaf ulmus davidiana root oenothera biennis evening primrose flower benzyl glycol ethylhexylglycerin hydrogenated lecithin raspberry ketone butylene glycol propanediol 12hexanediol,"['Exfoliating', 'Exfoliating', 'Exfoliating', 'Irritant']",35,4,4.8,"membersihkan pori-pori, menjadikan kulit sehat serta halus","zea mays (corn) starch, sodium cocoyl isethionate, sodium lauroyl glutamate, sodium lauroyl aspartate, sodium cocoyl glycinate, camellia sinensis leaf powder, solanum lycopersicum (tomato) fruit extract, trehalose, allantoin, maltodextrin, papain, glucose, bromelain, gluconolactone, glyceryl glucoside, sodium hyaluronate crosspolymer, sodium hyaluronate, hydrolyzed hyaluronic acid, glycerin, hydrolyzed glycosaminoglycans, hyaluronic acid, glycosphingolipids, ceramide np, pueraria lobata root extract, pinus palustris leaf extract, ulmus davidiana root extract, oenothera biennis (evening primrose) flower extract, benzyl glycol, ethylhexylglycerin, hydrogenated lecithin, raspberry ketone, butylene glycol, propanediol, 1,2-hexanediol, aqua (water) ",membersihkan poripori menjadikan kulit sehat halus,zea mays corn starch sodium cocoyl isethionate sodium lauroyl glutamate sodium lauroyl aspartate sodium cocoyl glycinate camellia sinensis leaf powder solanum lycopersicum tomato fruit trehalose allantoin maltodextrin papain glucose bromelain gluconolactone glyceryl glucoside sodium hyaluronate crosspolymer sodium hyaluronate hydrolyzed hyaluronic acid glycerin hydrolyzed glycosaminoglycans hyaluronic acid glycosphingolipids ceramide np pueraria lobata root pinus palustris leaf ulmus davidiana root oenothera biennis evening primrose flower benzyl glycol ethylhexylglycerin hydrogenated lecithin raspberry ketone butylene glycol propanediol 12hexanediol
37,Klavuu Phytoncide Mild Cleansing Foam,Klavuu,other,220000,membersihkan wajah memperkuat skin barrier chamaecyparis obtusa glycerin sodium cocoyl isethionate sodium methyl cocoyl taurate hydroxypropyl starch phosphate cocobetaine glycol distearate sodium cocoyl glutamate potassium cocoyl glycinate teacocoyl glutamate panthenol saccharomycesrice ferment filtrate houttuynia cordata artemisia princeps leaf butylene glycol cetearyl alcohol glyceryl stearate sodium chloride potassium cocoate citric acid hydroxyacetophenone ethylhexylglycerin 12hexanediol,"['Drying', 'Comedogenic', 'Irritant']",25,3,5.0,"membersihkan wajah, memperkuat skin barrier","chamaecyparis obtusa water, glycerin, sodium cocoyl isethionate, aqua (water), sodium methyl cocoyl taurate, hydroxypropyl starch phosphate, coco-betaine, glycol distearate, sodium cocoyl glutamate, potassium cocoyl glycinate, tea-cocoyl glutamate, panthenol, saccharomyces/rice ferment filtrate, houttuynia cordata extract, artemisia princeps leaf extract, butylene glycol, cetearyl alcohol, glyceryl stearate, sodium chloride, potassium cocoate, citric acid, hydroxyacetophenone, ethylhexylglycerin, 1,2-hexanediol,   ",membersihkan wajah memperkuat skin barrier,chamaecyparis obtusa glycerin sodium cocoyl isethionate sodium methyl cocoyl taurate hydroxypropyl starch phosphate cocobetaine glycol distearate sodium cocoyl glutamate potassium cocoyl glycinate teacocoyl glutamate panthenol saccharomycesrice ferment filtrate houttuynia cordata artemisia princeps leaf butylene glycol cetearyl alcohol glyceryl stearate sodium chloride potassium cocoate citric acid hydroxyacetophenone ethylhexylglycerin 12hexanediol
38,Capsibright Elixir Bubbling Mask Cleanser,Bio Beauty Lab,other,119540,membersihkan kulit mendalam mengangkat minyak kotoran meningkatkan kecerahan kulit disiloxane sodium laureth sulfate cocamidopropyl betaine glycerin acrylates copolymer propanediol butylene glycol cocamide dea allantoin melaleuca alternifolia tea tree leaf oil camellia sinensis leaf rosmarinus officinalis rosemary camellia sinensis green tea leaf melaleuca alternifolia tea tree leaf lavandula angustifolia sodium nitrate capsicum frutescens fruit mentha piperita peppermint oil cetyl hydroxyethylcellulose 12hexanediol sodium chloride aminomethyl propanol parfum disodium edta caprylhydroxamic acid polysorbate 60 disodium phosphate hydrated silica silica dimethyl silylate sodium acetate chlorphenesin 2aminobutanol phenoxyethanol ci 42090 sodium carboxymethyl betaglucan ci 16255 ci 19140 imidazolidinyl urea glyoxal ethylhexylglycerin methylchloroisothiazolinone methylisothiazolinone,"['Irritant', 'Controversial', 'Allergen', 'Allergen', 'Allergen', 'Allergen', 'Irritant', 'Allergen', 'Irritant', 'Allergen', 'Irritant', 'Drying', 'Allergen', 'Irritant', 'Allergen', 'Allergen']",43,16,0.0,"membersihkan kulit secara mendalam, mengangkat minyak dan kotoran, meningkatkan kecerahan kulit","aqua (water), disiloxane, sodium laureth sulfate, cocamidopropyl betaine, glycerin, acrylates copolymer, propanediol, butylene glycol, cocamide dea, allantoin, melaleuca alternifolia (tea tree) leaf oil, camellia sinensis leaf water, rosmarinus officinalis (rosemary) extract, camellia sinensis (green tea) leaf extract, melaleuca alternifolia (tea tree) leaf water, lavandula angustifolia water, sodium nitrate, capsicum frutescens fruit extract, mentha piperita (peppermint) oil, cetyl hydroxyethylcellulose, 1,2-hexanediol, sodium chloride, aminomethyl propanol, parfum, disodium edta, caprylhydroxamic acid, polysorbate 60, disodium phosphate, hydrated silica, silica dimethyl silylate, sodium acetate, chlorphenesin, 2-aminobutanol, phenoxyethanol, ci 42090, sodium carboxymethyl beta-glucan, ci 16255, ci 19140, imidazolidinyl urea, glyoxal, ethylhexylglycerin, methylchloroisothiazolinone, methylisothiazolinone",membersihkan kulit mendalam mengangkat minyak kotoran meningkatkan kecerahan kulit,disiloxane sodium laureth sulfate cocamidopropyl betaine glycerin acrylates copolymer propanediol butylene glycol cocamide dea allantoin melaleuca alternifolia tea tree leaf oil camellia sinensis leaf rosmarinus officinalis rosemary camellia sinensis green tea leaf melaleuca alternifolia tea tree leaf lavandula angustifolia sodium nitrate capsicum frutescens fruit mentha piperita peppermint oil cetyl hydroxyethylcellulose 12hexanediol sodium chloride aminomethyl propanol parfum disodium edta caprylhydroxamic acid polysorbate 60 disodium phosphate hydrated silica silica dimethyl silylate sodium acetate chlorphenesin 2aminobutanol phenoxyethanol ci 42090 sodium carboxymethyl betaglucan ci 16255 ci 19140 imidazolidinyl urea glyoxal ethylhexylglycerin methylchloroisothiazolinone methylisothiazolinone
39,Acne Relief Amino Gel Face Wash,Kahf,other,44500,membersihkan wajah lembut merusak skin barrier membantu mengontrol sebum berlebih melawan bakteri penyebab jerawat menenangkan kemerahan meningkatkan hidrasi glycerin sodium c1416 olefin sulfonate cocamidopropyl betaine propanediol sodium chloride panthenol disodium cocoyl glutamate acrylatesc1030 alkyl acrylate crosspolymer glycolipids succinic acid saccharide isomerate betaglucan avena sativa oat kernel flour glycine serine glutamic acid aspartic acid leucine alanine lysine arginine tyrosine phenylalanine proline threonine valine isoleucine histidine allantoin almond oilpolyglyceryl10 esters polyglyceryl4 punicate phenoxyethanol salicylic acid castoryl maleate caprylyl glycol pentylene glycol hypochlorous acid citric acid sodium citrate peg40 hydrogenated castor oil ppg26buteth26 sodium hydroxide sodium benzoate disodium edta parfum sodium metabisulfite polyquaternium10 ethylhexylglycerin menthyl lactate,"['Irritant', 'Drying', 'Exfoliating', 'Irritant', 'Irritant', 'Irritant', 'Allergen']",50,7,0.0,"membersihkan wajah secara lembut tanpa merusak skin barrier, membantu mengontrol sebum berlebih, melawan bakteri penyebab jerawat, menenangkan kemerahan, meningkatkan hidrasi","aqua (water), glycerin, sodium c14-16 olefin sulfonate, cocamidopropyl betaine, propanediol, sodium chloride, panthenol, disodium cocoyl glutamate, acrylates/c10-30 alkyl acrylate crosspolymer, glycolipids, succinic acid, saccharide isomerate, beta-glucan, avena sativa (oat) kernel flour, glycine, serine, glutamic acid, aspartic acid, leucine, alanine, lysine, arginine, tyrosine, phenylalanine, proline, threonine, valine, isoleucine, histidine, allantoin, almond oil/polyglyceryl-10 esters, polyglyceryl-4 punicate, phenoxyethanol, salicylic acid, castoryl maleate, caprylyl glycol, pentylene glycol, hypochlorous acid, citric acid, sodium citrate, peg-40 hydrogenated castor oil, ppg-26-buteth-26, sodium hydroxide, sodium benzoate, disodium edta, parfum, sodium metabisulfite, polyquaternium-10, ethylhexylglycerin, menthyl lactate",membersihkan wajah lembut merusak skin barrier membantu mengontrol sebum berlebih melawan bakteri penyebab jerawat menenangkan kemerahan meningkatkan hidrasi,glycerin sodium c1416 olefin sulfonate cocamidopropyl betaine propanediol sodium chloride panthenol disodium cocoyl glutamate acrylatesc1030 alkyl acrylate crosspolymer glycolipids succinic acid saccharide isomerate betaglucan avena sativa oat kernel flour glycine serine glutamic acid aspartic acid leucine alanine lysine arginine tyrosine phenylalanine proline threonine valine isoleucine histidine allantoin almond oilpolyglyceryl10 esters polyglyceryl4 punicate phenoxyethanol salicylic acid castoryl maleate caprylyl glycol pentylene glycol hypochlorous acid citric acid sodium citrate peg40 hydrogenated castor oil ppg26buteth26 sodium hydroxide sodium benzoate disodium edta parfum sodium metabisulfite polyquaternium10 ethylhexylglycerin menthyl lactate
40,Bright Revitalizing Amino Gel Face Wash,Kahf,other,44500,membersihkan wajah lembut merusak skin barrier membantu melawan radikal bebas mendukung regenerasi kulit mengangkat sel kulit mati ringan mencerahkan kulit menjaga hidrasi ketahanan alami kulit glycerin sodium c1416 olefin sulfonate cocamidopropyl betaine propanediol sodium chloride gluconolactone niacinamide sodium pca trehalose disodium cocoyl glutamate panthenol saccharide isomerate 3oethyl ascorbic acid glycolipids glycolic acid glycyrrhiza glabra licorice root polyquaternium10 acrylatesc1030 alkyl acrylate crosspolymer glycine serine glutamic acid leucine alanine lysine arginine tyrosine phenylalanine proline threonine valine isoleucine histidine aspartic acid castoryl maleate allantoin propylene glycol disodium edta sodium metabisulfite phenoxyethanol potassium hydroxide ethylhexylglycerin menthyl lactate citric acid peg40 hydrogenated castor oil ppg26buteth26 parfum sodium benzoate almond oilpolyglyceryl10 esters polyglyceryl4 punicate sodium citrate,"['Irritant', 'Exfoliating', 'Exfoliating', 'Drying', 'Irritant', 'Irritant', 'Allergen']",51,7,9.6,"membersihkan wajah secara lembut tanpa merusak skin barrier, membantu melawan radikal bebas, mendukung regenerasi kulit, mengangkat sel kulit mati secara ringan, mencerahkan kulit, menjaga hidrasi dan ketahanan alami kulit","aqua (water), glycerin, sodium c14-16 olefin sulfonate, cocamidopropyl betaine, propanediol, sodium chloride, gluconolactone, niacinamide, sodium pca, trehalose, disodium cocoyl glutamate, panthenol, saccharide isomerate, 3-o-ethyl ascorbic acid, glycolipids, glycolic acid, glycyrrhiza glabra (licorice) root extract, polyquaternium-10, acrylates/c10-30 alkyl acrylate crosspolymer, glycine, serine, glutamic acid, leucine, alanine, lysine, arginine, tyrosine, phenylalanine, proline, threonine, valine, isoleucine, histidine, aspartic acid, castoryl maleate, allantoin, propylene glycol, disodium edta, sodium metabisulfite, phenoxyethanol, potassium hydroxide, ethylhexylglycerin, menthyl lactate, citric acid, peg-40 hydrogenated castor oil, ppg-26-buteth-26, parfum, sodium benzoate, almond oil/polyglyceryl-10 esters, polyglyceryl-4 punicate, sodium citrate",membersihkan wajah lembut merusak skin barrier membantu melawan radikal bebas mendukung regenerasi kulit mengangkat sel kulit mati ringan mencerahkan kulit menjaga hidrasi ketahanan alami kulit,glycerin sodium c1416 olefin sulfonate cocamidopropyl betaine propanediol sodium chloride gluconolactone niacinamide sodium pca trehalose disodium cocoyl glutamate panthenol saccharide isomerate 3oethyl ascorbic acid glycolipids glycolic acid glycyrrhiza glabra licorice root polyquaternium10 acrylatesc1030 alkyl acrylate crosspolymer glycine serine glutamic acid leucine alanine lysine arginine tyrosine phenylalanine proline threonine valine isoleucine histidine aspartic acid castoryl maleate allantoin propylene glycol disodium edta sodium metabisulfite phenoxyethanol potassium hydroxide ethylhexylglycerin menthyl lactate citric acid peg40 hydrogenated castor oil ppg26buteth26 parfum sodium benzoate almond oilpolyglyceryl10 esters polyglyceryl4 punicate sodium citrate
41,1025 Dokdo Cleanser,Round Lab,other,149250,membersihkan kulit menjaga kelembaban menjaga keseimbangan skin barrier menenangkan kulit nyaman sodium cocoyl isethionate glycerin sodium methyl cocoyl taurate cocobetaine potassium cocoyl glycinate potassium benzoate sodium chloride polyquaternium67 potassium cocoate citric acid fructooligosaccharides saccharide hydrolysate disodium edta pullulan 12hexanediol allantoin panthenol sea sodium acetate butylene glycol chamomilla recutita matricaria flower oil capryliccapric triglyceride betaglucan phosphatidylcholine hyaluronic acid ethylhexylglycerin ceramide np glycine hydrolyzed hyaluronic acid glutamic acid serine sodium hyaluronate lysine alanine arginine threonine proline,"['Irritant', 'Drying', 'Allergen', 'Comedogenic']",38,4,51.7,"membersihkan kulit secara menyeluruh, menjaga kelembaban, menjaga keseimbangan skin barrier, menenangkan kulit, memberikan rasa nyaman","aqua (water), sodium cocoyl isethionate, glycerin, sodium methyl cocoyl taurate, coco-betaine, potassium cocoyl glycinate, potassium benzoate, sodium chloride, polyquaternium-67, potassium cocoate, citric acid, fructooligosaccharides, saccharide hydrolysate, disodium edta, pullulan, 1,2-hexanediol, allantoin, panthenol, sea water, sodium acetate, butylene glycol, chamomilla recutita (matricaria) flower oil, caprylic/capric triglyceride, beta-glucan, phosphatidylcholine, hyaluronic acid, ethylhexylglycerin, ceramide np, glycine, hydrolyzed hyaluronic acid, glutamic acid, serine, sodium hyaluronate, lysine, alanine, arginine, threonine, proline    ",membersihkan kulit menjaga kelembaban menjaga keseimbangan skin barrier menenangkan kulit nyaman,sodium cocoyl isethionate glycerin sodium methyl cocoyl taurate cocobetaine potassium cocoyl glycinate potassium benzoate sodium chloride polyquaternium67 potassium cocoate citric acid fructooligosaccharides saccharide hydrolysate disodium edta pullulan 12hexanediol allantoin panthenol sea sodium acetate butylene glycol chamomilla recutita matricaria flower oil capryliccapric triglyceride betaglucan phosphatidylcholine hyaluronic acid ethylhexylglycerin ceramide np glycine hydrolyzed hyaluronic acid glutamic acid serine sodium hyaluronate lysine alanine arginine threonine proline
42,Retinol Rejuvenating Cleanser,LANBENA,other,78684,membersihkan wajah mendalam poripori membantu merawat tanda penuaan garis halus menghidrasi kulit menjaga kulit lembut menjaga kulit kenyal menjaga kulit nyaman kering tertarik mencuci wajah sodium cocoyl glycinate glycerin potassium cocoyl glycinate disodium cocoyl glutamate citric acid polyquaternium7 phenoxyethanol acrylates copolymer ethylhexylglycerin niacinamide sodium hyaluronate retinol parfum,"['Irritant', 'Drying', 'Irritant', 'Allergen']",14,4,0.0,"membersihkan wajah secara mendalam hingga ke pori-pori, membantu merawat tanda penuaan seperti garis halus, menghidrasi kulit, menjaga kulit tetap terasa lembut, menjaga kulit tetap terasa kenyal, menjaga kulit tetap terasa nyaman tanpa rasa kering atau tertarik setelah mencuci wajah","sodium cocoyl glycinate, aqua (water), glycerin, potassium cocoyl glycinate, disodium cocoyl glutamate, citric acid, polyquaternium-7, phenoxyethanol, acrylates copolymer, ethylhexylglycerin, niacinamide, sodium hyaluronate, retinol, parfum  ",membersihkan wajah mendalam poripori membantu merawat tanda penuaan garis halus menghidrasi kulit menjaga kulit lembut menjaga kulit kenyal menjaga kulit nyaman kering tertarik mencuci wajah,sodium cocoyl glycinate glycerin potassium cocoyl glycinate disodium cocoyl glutamate citric acid polyquaternium7 phenoxyethanol acrylates copolymer ethylhexylglycerin niacinamide sodium hyaluronate retinol parfum
43,Perfect Whip Fresh,Senka,other,64125,membantu membersihkan kotoran mengontrol minyak berlebih wajah stearic acid peg8 myristic acid potassium hydroxide glycerin lauric acid alcohol butylene glycol glyceryl stearate polyquaternium7 parfum disodium edta sodium benzoate sodium metabisulfite pegppg147 dimethyl ether sodium hyaluronate camellia sinensis green tea leaf ci 19140 yellow 5 ci 61570 green 5 sodium acetylated hyaluronate sericin citric acid potassium sorbate hydrolyzed silk,"['Comedogenic', 'Comedogenic', 'Irritant', 'Comedogenic', 'Drying', 'Comedogenic', 'Allergen', 'Allergen', 'Irritant']",25,9,15300.0,"membantu membersihkan kotoran, mengontrol minyak berlebih pada wajah","aqua (water), stearic acid, peg-8, myristic acid, potassium hydroxide, glycerin, lauric acid, alcohol, butylene glycol, glyceryl stearate se, polyquaternium-7, parfum, disodium edta, sodium benzoate, sodium metabisulfite, peg/ppg-14/7 dimethyl ether, sodium hyaluronate, camellia sinensis (green tea) leaf extract, ci 19140 (yellow 5), ci 61570 (green 5), sodium acetylated hyaluronate, sericin, citric acid, potassium sorbate, hydrolyzed silk   ",membantu membersihkan kotoran mengontrol minyak berlebih wajah,stearic acid peg8 myristic acid potassium hydroxide glycerin lauric acid alcohol butylene glycol glyceryl stearate polyquaternium7 parfum disodium edta sodium benzoate sodium metabisulfite pegppg147 dimethyl ether sodium hyaluronate camellia sinensis green tea leaf ci 19140 yellow 5 ci 61570 green 5 sodium acetylated hyaluronate sericin citric acid potassium sorbate hydrolyzed silk
44,Perfect Whip Acne Care Twinpack,Senka,other,83905,membersihkan sisa makeup membersihkan poripori tersumbat membersihkan sebum berlebih membersihkan sel kulit mati penyebab jerawat wajah lembut wajah sehat wajah lembap wajah ternutrisi stearic acid myristic acid peg8 potassium hydroxide lauric acid glycerin dipropylene glycol alcohol salicylic acid beeswax polyquaternium7 parfum disodium edta peg90m sodium benzoate sodium metabisulfite ci 15985 yellow 6 ci 61570 green 5 pegppg147 dimethyl ether sodium hyaluronate butylene glycol sericin citric acid potassium sorbate ci 17200 red 33 sodium acetylated hyaluronate bht silica chamomilla recutita matricaria flower,"['Comedogenic', 'Comedogenic', 'Irritant', 'Comedogenic', 'Drying', 'Exfoliating', 'Comedogenic', 'Allergen', 'Allergen', 'Irritant', 'Controversial', 'Allergen']",30,12,6439.999999999999,"membersihkan sisa makeup, membersihkan pori-pori tersumbat, membersihkan sebum berlebih, membersihkan sel kulit mati penyebab jerawat, membuat wajah terasa lembut, membuat wajah terasa sehat, membuat wajah terasa lembap, membuat wajah terasa ternutrisi","aqua (water), stearic acid, myristic acid, peg-8, potassium hydroxide, lauric acid, glycerin, dipropylene glycol, alcohol, salicylic acid, beeswax, polyquaternium-7, parfum, disodium edta, peg-90m, sodium benzoate, sodium metabisulfite, ci 15985 (yellow 6), ci 61570 (green 5), peg/ppg-14/7 dimethyl ether, sodium hyaluronate, butylene glycol, sericin, citric acid, potassium sorbate, ci 17200 (red 33), sodium acetylated hyaluronate, bht, silica, chamomilla recutita (matricaria) flower extract   ",membersihkan sisa makeup membersihkan poripori tersumbat membersihkan sebum berlebih membersihkan sel kulit mati penyebab jerawat wajah lembut wajah sehat wajah lembap wajah ternutrisi,stearic acid myristic acid peg8 potassium hydroxide lauric acid glycerin dipropylene glycol alcohol salicylic acid beeswax polyquaternium7 parfum disodium edta peg90m sodium benzoate sodium metabisulfite ci 15985 yellow 6 ci 61570 green 5 pegppg147 dimethyl ether sodium hyaluronate butylene glycol sericin citric acid potassium sorbate ci 17200 red 33 sodium acetylated hyaluronate bht silica chamomilla recutita matricaria flower
45,Perfect Whip Low pH Calming Cica Twinpack,Senka,other,79850,membersihkan wajah membantu mengangkat kotoran menenangkan kulit menjaga kelembaban memperkuat skin barrier glycerin dipropylene glycol cocamidopropyl betaine butylene glycol bentonite sodium methyl cocoyl taurate potassium cocoyl glutamate xanthan gum phenoxyethanol citric acid parfum sodium citrateci 77288 chromium oxide green sodium metabisulfite bisethoxydiglycol cyclohexane 14dicarboxylate sodium acetylated hyaluronate centella asiatica leafstem sodium hyaluronate sericin glycine soja soybean seed potassium sorbate tocopherol,"['Drying', 'Drying', 'Irritant', 'Allergen', 'Allergen', 'Allergen']",22,6,7.8,"membersihkan wajah, membantu mengangkat kotoran, menenangkan kulit, menjaga kelembaban, memperkuat skin barrier","aqua (water), glycerin, dipropylene glycol, cocamidopropyl betaine, butylene glycol, bentonite, sodium methyl cocoyl taurate, potassium cocoyl glutamate, xanthan gum, phenoxyethanol, citric acid, parfum, sodium citrate,ci 77288 (chromium oxide green), sodium metabisulfite, bis-ethoxydiglycol cyclohexane 1,4-dicarboxylate, sodium acetylated hyaluronate, centella asiatica leaf/stem extract, sodium hyaluronate, sericin, glycine soja (soybean) seed extract, potassium sorbate, tocopherol",membersihkan wajah membantu mengangkat kotoran menenangkan kulit menjaga kelembaban memperkuat skin barrier,glycerin dipropylene glycol cocamidopropyl betaine butylene glycol bentonite sodium methyl cocoyl taurate potassium cocoyl glutamate xanthan gum phenoxyethanol citric acid parfum sodium citrateci 77288 chromium oxide green sodium metabisulfite bisethoxydiglycol cyclohexane 14dicarboxylate sodium acetylated hyaluronate centella asiatica leafstem sodium hyaluronate sericin glycine soja soybean seed potassium sorbate tocopherol
46,Salicylic Acid Daily Gentle Cleanser,COSRX,other,100750,membersihkan wajah busa lembut membantu melawan jerawat mengontrol minyak berlebih mengeksfoliasi sel kulit mati merawat kekencangan kulit menjaga kenyamanan kulit kulit kering glycerin myristic acid stearic acid potassium hydroxide lauric acid butylene glycol glycol distearate polysorbate 80 sodium methyl cocoyl taurate salicylic acid cocamidopropyl betaine peg60 hydrogenated castor oil parfum sodium chloride melaleuca alternifolia tea tree leaf oil caprylyl glycol ethylhexylglycerin salix alba willow bark saccharomyces ferment cryptomeria japonica leaf nelumbo nucifera leaf pinus palustris leaf ulmus davidiana root oenothera biennis evening primrose flower pueraria lobata root 12hexanediol ethyl hexanediol citric acid disodium edta,"['Comedogenic', 'Comedogenic', 'Irritant', 'Comedogenic', 'Exfoliating', 'Allergen', 'Allergen', 'Irritant']",30,8,48410.0,"membersihkan wajah dengan busa lembut, membantu melawan jerawat, mengontrol minyak berlebih, mengeksfoliasi sel kulit mati, merawat kekencangan kulit, menjaga kenyamanan kulit tanpa membuat kulit terasa kering","aqua (water), glycerin, myristic acid, stearic acid, potassium hydroxide, lauric acid, butylene glycol, glycol distearate, polysorbate 80, sodium methyl cocoyl taurate, salicylic acid, cocamidopropyl betaine, peg-60 hydrogenated castor oil, parfum, sodium chloride, melaleuca alternifolia (tea tree) leaf oil, caprylyl glycol, ethylhexylglycerin, salix alba (willow) bark water, saccharomyces ferment, cryptomeria japonica leaf extract, nelumbo nucifera leaf extract, pinus palustris leaf extract, ulmus davidiana root extract, oenothera biennis (evening primrose) flower extract, pueraria lobata root extract, 1,2-hexanediol, ethyl hexanediol, citric acid, disodium edta",membersihkan wajah busa lembut membantu melawan jerawat mengontrol minyak berlebih mengeksfoliasi sel kulit mati merawat kekencangan kulit menjaga kenyamanan kulit kulit kering,glycerin myristic acid stearic acid potassium hydroxide lauric acid butylene glycol glycol distearate polysorbate 80 sodium methyl cocoyl taurate salicylic acid cocamidopropyl betaine peg60 hydrogenated castor oil parfum sodium chloride melaleuca alternifolia tea tree leaf oil caprylyl glycol ethylhexylglycerin salix alba willow bark saccharomyces ferment cryptomeria japonica leaf nelumbo nucifera leaf pinus palustris leaf ulmus davidiana root oenothera biennis evening primrose flower pueraria lobata root 12hexanediol ethyl hexanediol citric acid disodium edta
47,Perfect Whip Low pH Calming Cica,Senka,other,79580,membersihkan wajah efektif busa melimpah membantu mengangkat kotoran menenangkan kulit menjaga kelembaban memperkuat skin barrier glycerin dipropylene glycol cocamidopropyl betaine butylene glycol bentonite sodium methyl cocoyl taurate potassium cocoyl glutamate xanthan gum phenoxyethanol citric acid parfum sodium citrate ci 77288 chromium oxide green sodium metabisulfite bisethoxydiglycol cyclohexane 14dicarboxylate sodium acetylated hyaluronate centella asiatica leafstem sodium hyaluronate sericin glycine soja soybean seed potassium sorbate tocopherol,"['Drying', 'Drying', 'Irritant', 'Allergen', 'Allergen', 'Allergen']",23,6,7.8,"membersihkan wajah secara efektif dengan busa melimpah, membantu mengangkat kotoran, menenangkan kulit, menjaga kelembaban, memperkuat skin barrier","aqua (water), glycerin, dipropylene glycol, cocamidopropyl betaine, butylene glycol, bentonite, sodium methyl cocoyl taurate, potassium cocoyl glutamate, xanthan gum, phenoxyethanol, citric acid, parfum, sodium citrate, ci 77288 (chromium oxide green), sodium metabisulfite, bis-ethoxydiglycol cyclohexane 1,4-dicarboxylate, sodium acetylated hyaluronate, centella asiatica leaf/stem extract, sodium hyaluronate, sericin, glycine soja (soybean) seed extract, potassium sorbate, tocopherol",membersihkan wajah efektif busa melimpah membantu mengangkat kotoran menenangkan kulit menjaga kelembaban memperkuat skin barrier,glycerin dipropylene glycol cocamidopropyl betaine butylene glycol bentonite sodium methyl cocoyl taurate potassium cocoyl glutamate xanthan gum phenoxyethanol citric acid parfum sodium citrate ci 77288 chromium oxide green sodium metabisulfite bisethoxydiglycol cyclohexane 14dicarboxylate sodium acetylated hyaluronate centella asiatica leafstem sodium hyaluronate sericin glycine soja soybean seed potassium sorbate tocopherol
48,Hyaluronic Acid Gentle Foaming Cleanser,Anua,other,219000,membersihkan wajah lembut hidrasi intensif membantu memperkuat skin barrier mengontrol minyak kemerahan meningkatkan elastisitas kulit meningkatkan kehalusan kulit glycerin sodium cocoyl glycinate lauryl hydroxysultaine cocoglucoside sodium lauroyl glutamate quillaja saponaria bark hydrolyzed vegetable protein hydroxypropyltrimonium hyaluronate sodium hyaluronate hydrolyzed hyaluronic acid sodium acetylated hyaluronate hyaluronic acid hydrolyzed sodium hyaluronate sodium hyaluronate crosspolymer potassium hyaluronate panthenol zinc pca decyl glucoside hectorite pentylene glycol caprylyl glycol hydroxypropyl starch phosphate 12hexanediol betaine polyquaternium67 acrylatesc1030 alkyl acrylate crosspolymer citric acid sodium chloride sodium phytate sodium cocoyl isethionate maltodextrin,"['Allergen', 'Irritant']",32,2,0.0,"membersihkan wajah secara lembut, memberikan hidrasi intensif, membantu memperkuat skin barrier, mengontrol minyak dan kemerahan, meningkatkan elastisitas kulit, meningkatkan kehalusan kulit","aqua (water), glycerin, sodium cocoyl glycinate, lauryl hydroxysultaine, coco-glucoside, sodium lauroyl glutamate, quillaja saponaria bark extract, hydrolyzed vegetable protein, hydroxypropyltrimonium hyaluronate, sodium hyaluronate, hydrolyzed hyaluronic acid, sodium acetylated hyaluronate, hyaluronic acid, hydrolyzed sodium hyaluronate, sodium hyaluronate crosspolymer, potassium hyaluronate, panthenol, zinc pca, decyl glucoside, hectorite, pentylene glycol, caprylyl glycol, hydroxypropyl starch phosphate, 1,2-hexanediol, betaine, polyquaternium-67, acrylates/c10-30 alkyl acrylate crosspolymer, citric acid, sodium chloride, sodium phytate, sodium cocoyl isethionate, maltodextrin  ",membersihkan wajah lembut hidrasi intensif membantu memperkuat skin barrier mengontrol minyak kemerahan meningkatkan elastisitas kulit meningkatkan kehalusan kulit,glycerin sodium cocoyl glycinate lauryl hydroxysultaine cocoglucoside sodium lauroyl glutamate quillaja saponaria bark hydrolyzed vegetable protein hydroxypropyltrimonium hyaluronate sodium hyaluronate hydrolyzed hyaluronic acid sodium acetylated hyaluronate hyaluronic acid hydrolyzed sodium hyaluronate sodium hyaluronate crosspolymer potassium hyaluronate panthenol zinc pca decyl glucoside hectorite pentylene glycol caprylyl glycol hydroxypropyl starch phosphate 12hexanediol betaine polyquaternium67 acrylatesc1030 alkyl acrylate crosspolymer citric acid sodium chloride sodium phytate sodium cocoyl isethionate maltodextrin
49,Tremella Vita B5 Sensitive Calming Gel Cleanser,Glad2Glow,other,39000,membersihkan wajah lembut tertarik membantu menenangkan kemerahan menjaga meningkatkan kelembapan memperkuat kenyamanan kesehatan skin barrier glycerin acrylates copolymer sodium cocoyl alaninate panthenol centella asiatica leaf hydroxyacetophenone 12hexanediol potassium hydroxide allantoin tremella fuciformis sporocarp sodium hyaluronate cetyl alcohol maltooligosyl glucoside citrus paradisi grapefruit peel oil citrus aurantium bergamia bergamot fruit oil styreneacrylates copolymer,"['Allergen', 'Irritant', 'Drying', 'Fototoxic', 'Fototoxic']",17,5,3.5,"membersihkan wajah secara lembut tanpa rasa tertarik, membantu menenangkan kemerahan, menjaga dan meningkatkan kelembapan, memperkuat kenyamanan dan kesehatan skin barrier","aqua (water), glycerin, acrylates copolymer, sodium cocoyl alaninate, panthenol, centella asiatica leaf extract, hydroxyacetophenone, 1,2-hexanediol, potassium hydroxide, allantoin, tremella fuciformis sporocarp extract, sodium hyaluronate, cetyl alcohol, maltooligosyl glucoside, citrus paradisi (grapefruit) peel oil, citrus aurantium bergamia (bergamot) fruit oil, styrene/acrylates copolymer",membersihkan wajah lembut tertarik membantu menenangkan kemerahan menjaga meningkatkan kelembapan memperkuat kenyamanan kesehatan skin barrier,glycerin acrylates copolymer sodium cocoyl alaninate panthenol centella asiatica leaf hydroxyacetophenone 12hexanediol potassium hydroxide allantoin tremella fuciformis sporocarp sodium hyaluronate cetyl alcohol maltooligosyl glucoside citrus paradisi grapefruit peel oil citrus aurantium bergamia bergamot fruit oil styreneacrylates copolymer
50,Triple Care Acne Calm Cleanser,Facetology,other,64000,membersihkan wajah efektif membantu meredakan fungal acne membantu meredakan jerawat membantu meredakan komedo menjaga kelembapan kulit acrylates copolymer glycerin cocamidopropyl betaine sodium c1416 olefin sulfonate sodium cocoyl isethionate glycol distearate sodium lauroyl sarcosinate butylene glycol allantoin chlorphenesin zinc pyrithione panthenol styreneacrylates copolymer salicylic acid bisabololchamomilla recutita matricaria flower oil tetrasodium edta sodium benzoate amylopectin sodium sulfate hexadecene tetradecene dextrin xanthan gum sodium polynaphthalenesulfonate phenoxyethanol oryza sativa rice bran oil succinic acid sodium chloride citric acid saccharum officinarum,"['Irritant', 'Irritant', 'Exfoliating', 'Drying', 'Irritant']",31,5,15.0,"membersihkan wajah secara efektif, membantu meredakan fungal acne, membantu meredakan jerawat, membantu meredakan komedo, menjaga kelembapan kulit","aqua (water), acrylates copolymer, glycerin, cocamidopropyl betaine, sodium c14-16 olefin sulfonate, sodium cocoyl isethionate, glycol distearate, sodium lauroyl sarcosinate, butylene glycol, allantoin, chlorphenesin, zinc pyrithione, panthenol, styrene/acrylates copolymer, salicylic acid, bisabolol,chamomilla recutita (matricaria) flower oil, tetrasodium edta, sodium benzoate, amylopectin, sodium sulfate, hexadecene, tetradecene, dextrin, xanthan gum, sodium polynaphthalenesulfonate, phenoxyethanol, oryza sativa (rice) bran oil, succinic acid, sodium chloride, citric acid, saccharum officinarum extract",membersihkan wajah efektif membantu meredakan fungal acne membantu meredakan jerawat membantu meredakan komedo menjaga kelembapan kulit,acrylates copolymer glycerin cocamidopropyl betaine sodium c1416 olefin sulfonate sodium cocoyl isethionate glycol distearate sodium lauroyl sarcosinate butylene glycol allantoin chlorphenesin zinc pyrithione panthenol styreneacrylates copolymer salicylic acid bisabololchamomilla recutita matricaria flower oil tetrasodium edta sodium benzoate amylopectin sodium sulfate hexadecene tetradecene dextrin xanthan gum sodium polynaphthalenesulfonate phenoxyethanol oryza sativa rice bran oil succinic acid sodium chloride citric acid saccharum officinarum
51,Clear Cleansing Foam,Dancing Whale,other,194400,membersihkan poripori mendalam busa mikro membantu mengangkat kotoran membantu mengangkat sebum membantu mengangkat sel kulit mati memperbaiki tampilan poripori memperbaiki keseimbangan minyak kelembapan nutrisi perlindungan antioksidan myristic acid glycerin methylpropanediol potassium hydroxidecocoglucoside lauric acid palmitic acid stearic acid glyceryl stearatesorbitan olivate parfum ethylhexylglycerin butylene glycol disodium edta polyquaternium7 hydrogenated lecithin 12hexanediol propanediolficus carica fig fruit centella asiatica ulmus davidiana root amaranthus caudatus seed sodium benzoate portulaca oleracea ecklonia cava acmella oleracea ceramide npsalvia hispanica seed calendula officinalis flower extracttocopherol gaultheria procumbens wintergreen leaf anthemis nobilis flower allantoin trehalose rosmarinus officinalis rosemary undaria pinnatifida persea gratissima avocado oil borago officinalis seed oil lactic acid phenoxyethanol eucalyptus globulus leaf camellia sinensis seed oil nephrite powder,"['Comedogenic', 'Comedogenic', 'Comedogenic', 'Comedogenic', 'Comedogenic', 'Allergen', 'Allergen', 'Allergen', 'Allergen', 'Allergen', 'Allergen', 'Comedogenic', 'Exfoliating', 'Drying', 'Allergen']",39,15,8.6,"membersihkan pori-pori secara mendalam dengan busa mikro, membantu mengangkat kotoran, membantu mengangkat sebum, membantu mengangkat sel kulit mati, memperbaiki tampilan pori-pori, memperbaiki keseimbangan minyak, memberikan kelembapan, memberikan nutrisi, memberikan perlindungan antioksidan","aqua (water), myristic acid, glycerin, methylpropanediol, potassium hydroxide,coco-glucoside, lauric acid, palmitic acid, stearic acid, glyceryl stearate,sorbitan olivate, parfum, ethylhexylglycerin, butylene glycol, disodium edta, polyquaternium-7, hydrogenated lecithin, 1,2-hexanediol, propanediol,ficus carica (fig) fruit extract, centella asiatica extract, ulmus davidiana root extract, amaranthus caudatus seed extract, sodium benzoate, portulaca oleracea extract, ecklonia cava extract, acmella oleracea extract, ceramide np,salvia hispanica seed extract, calendula officinalis flower extract,tocopherol, gaultheria procumbens (wintergreen) leaf extract, anthemis nobilis flower extract, allantoin, trehalose, rosmarinus officinalis (rosemary) extract, undaria pinnatifida extract, persea gratissima (avocado) oil, borago officinalis seed oil, lactic acid, phenoxyethanol, eucalyptus globulus leaf extract, camellia sinensis seed oil, nephrite powder",membersihkan poripori mendalam busa mikro membantu mengangkat kotoran membantu mengangkat sebum membantu mengangkat sel kulit mati memperbaiki tampilan poripori memperbaiki keseimbangan minyak kelembapan nutrisi perlindungan antioksidan,myristic acid glycerin methylpropanediol potassium hydroxidecocoglucoside lauric acid palmitic acid stearic acid glyceryl stearatesorbitan olivate parfum ethylhexylglycerin butylene glycol disodium edta polyquaternium7 hydrogenated lecithin 12hexanediol propanediolficus carica fig fruit centella asiatica ulmus davidiana root amaranthus caudatus seed sodium benzoate portulaca oleracea ecklonia cava acmella oleracea ceramide npsalvia hispanica seed calendula officinalis flower extracttocopherol gaultheria procumbens wintergreen leaf anthemis nobilis flower allantoin trehalose rosmarinus officinalis rosemary undaria pinnatifida persea gratissima avocado oil borago officinalis seed oil lactic acid phenoxyethanol eucalyptus globulus leaf camellia sinensis seed oil nephrite powder
52,Hydro Boost Water Gel Cleanser,Neutrogena,other,135000,membersihkan wajah efektif kotoran membersihkan wajah efektif minyak membersihkan wajah efektif riasan menjaga skin barrier meningkatkan mengunci hidrasi kulit kulit bersih kulit segar kulit kenyal menyebabkan iritasi glycerin cocamidopropyl hydroxysultaine sodium cocoyl isethionate sodium methyl cocoyl taurate sodium hydrolyzed potato starch dodecenylsuccinate acrylates copolymer hydroxyacetophenone phenoxyethanol parfum linoleamidopropyl pgdimonium chloride phosphate polyquaternium10 polysorbate 20 sodium hydroxide disodium edta citric acid ethylhexylglycerin hydrolyzed hyaluronic acid,"['Drying', 'Allergen', 'Irritant', 'Irritant']",18,4,48.0,"membersihkan wajah secara efektif dari kotoran, membersihkan wajah secara efektif dari minyak, membersihkan wajah secara efektif dari riasan, menjaga skin barrier, meningkatkan dan mengunci hidrasi kulit, membuat kulit terasa bersih, membuat kulit terasa segar, membuat kulit terasa kenyal tanpa menyebabkan iritasi","aqua (water), glycerin, cocamidopropyl hydroxysultaine, sodium cocoyl isethionate, sodium methyl cocoyl taurate, sodium hydrolyzed potato starch dodecenylsuccinate, acrylates copolymer, hydroxyacetophenone, phenoxyethanol, parfum, linoleamidopropyl pg-dimonium chloride phosphate, polyquaternium-10, polysorbate 20, sodium hydroxide, disodium edta, citric acid, ethylhexylglycerin, hydrolyzed hyaluronic acid",membersihkan wajah efektif kotoran membersihkan wajah efektif minyak membersihkan wajah efektif riasan menjaga skin barrier meningkatkan mengunci hidrasi kulit kulit bersih kulit segar kulit kenyal menyebabkan iritasi,glycerin cocamidopropyl hydroxysultaine sodium cocoyl isethionate sodium methyl cocoyl taurate sodium hydrolyzed potato starch dodecenylsuccinate acrylates copolymer hydroxyacetophenone phenoxyethanol parfum linoleamidopropyl pgdimonium chloride phosphate polyquaternium10 polysorbate 20 sodium hydroxide disodium edta citric acid ethylhexylglycerin hydrolyzed hyaluronic acid
53,Pine Calming Cica Cleanser,Round Lab,other,189050,membersihkan debu membersihkan kotoran membersihkan minyak berlebih mengangkat sel kulit mati menyumbat pori membantu menjaga keseimbangan kelembapan kulit glycerin hydrogenated palm acid potassium hydroxide potassium cocoyl glycinatecamellia sinensis green tea leaf cladosiphon okamuranus salix alba willow bark coffea arabica coffee seed citrus aurantium bergamia bergamot leaf salicylic acid centella asiatica leaf pinus densiflora leaf centella asiatica hyaluronic acid hydrolyzed hyaluronic acid sodium hyaluronate butylene glycol ethylhexylglycerin gardenia florida fruit glycoproteins capryloyl salicylic acid asiatic acid asiaticoside madecassic acid madecassoside glyceryl stearate dextrin decyl glucoside acrylatesc1030 alkyl acrylate crosspolymer 12hexanediol sodium phytate,"['Irritant', 'Fototoxic', 'Exfoliating', 'Allergen', 'Allergen', 'Exfoliating', 'Comedogenic']",31,7,166.60000000000002,"membersihkan debu, membersihkan kotoran, membersihkan minyak berlebih, mengangkat sel kulit mati yang menyumbat pori, membantu menjaga keseimbangan kelembapan kulit","aqua (water), glycerin, hydrogenated palm acid, potassium hydroxide, potassium cocoyl glycinate,camellia sinensis (green tea) leaf extract, cladosiphon okamuranus extract, salix alba (willow) bark extract, coffea arabica (coffee) seed extract, citrus aurantium bergamia (bergamot) leaf extract, salicylic acid, centella asiatica leaf extract, pinus densiflora leaf extract, centella asiatica extract, hyaluronic acid, hydrolyzed hyaluronic acid, sodium hyaluronate, butylene glycol, ethylhexylglycerin, gardenia florida fruit extract, glycoproteins, capryloyl salicylic acid, asiatic acid, asiaticoside, madecassic acid, madecassoside, glyceryl stearate, dextrin, decyl glucoside, acrylates/c10-30 alkyl acrylate crosspolymer, 1,2-hexanediol, sodium phytate    ",membersihkan debu membersihkan kotoran membersihkan minyak berlebih mengangkat sel kulit mati menyumbat pori membantu menjaga keseimbangan kelembapan kulit,glycerin hydrogenated palm acid potassium hydroxide potassium cocoyl glycinatecamellia sinensis green tea leaf cladosiphon okamuranus salix alba willow bark coffea arabica coffee seed citrus aurantium bergamia bergamot leaf salicylic acid centella asiatica leaf pinus densiflora leaf centella asiatica hyaluronic acid hydrolyzed hyaluronic acid sodium hyaluronate butylene glycol ethylhexylglycerin gardenia florida fruit glycoproteins capryloyl salicylic acid asiatic acid asiaticoside madecassic acid madecassoside glyceryl stearate dextrin decyl glucoside acrylatesc1030 alkyl acrylate crosspolymer 12hexanediol sodium phytate
54,Smooth & Pure Deep Clean Cleansing Foam,Ariul,other,51920,membersihkan wajah busa lembut bermagnet membantu mengangkat kotoran membantu mengangkat partikel debu poripori membantu mengangkat makeup menjaga kulit lembut menjaga kulit nyaman dibersihkan palmitic acid stearic acid myristic acid glycerin lauric acid potassium hydroxide sorbitan olivate cocamide dea disodium edta acrylatesc1030 alkyl acrylate crosspolymer helianthus annuus sunflower seed oil daucus carota sativa carrot root anthemis nobilis flower butylene glycol malus domestica fruit myrciaria dubia fruit brassica oleracea capitata cabbage leaf hordeum vulgare pinus sylvestris bud brassica rapa turnip leaf raphanus sativus radish seed brassica oleracea italica broccoli sprout 12hexanediol chlorphenesin phenoxyethanol parfum,"['Comedogenic', 'Comedogenic', 'Comedogenic', 'Comedogenic', 'Irritant', 'Controversial', 'Allergen', 'Drying', 'Allergen']",27,9,1334.3999999999999,"membersihkan wajah secara menyeluruh dengan busa lembut bermagnet, membantu mengangkat kotoran, membantu mengangkat partikel debu di pori-pori, membantu mengangkat makeup, menjaga kulit tetap lembut, menjaga kulit tetap nyaman setelah dibersihkan","aqua (water), palmitic acid, stearic acid, myristic acid, glycerin, lauric acid, potassium hydroxide, sorbitan olivate, cocamide dea, disodium edta, acrylates/c10-30 alkyl acrylate crosspolymer, helianthus annuus (sunflower) seed oil, daucus carota sativa (carrot) root extract, anthemis nobilis flower extract, butylene glycol, malus domestica fruit extract, myrciaria dubia fruit extract, brassica oleracea capitata (cabbage) leaf extract, hordeum vulgare extract, pinus sylvestris bud extract, brassica rapa (turnip) leaf extract, raphanus sativus (radish) seed extract, brassica oleracea italica (broccoli) sprout extract, 1,2-hexanediol, chlorphenesin, phenoxyethanol, parfum",membersihkan wajah busa lembut bermagnet membantu mengangkat kotoran membantu mengangkat partikel debu poripori membantu mengangkat makeup menjaga kulit lembut menjaga kulit nyaman dibersihkan,palmitic acid stearic acid myristic acid glycerin lauric acid potassium hydroxide sorbitan olivate cocamide dea disodium edta acrylatesc1030 alkyl acrylate crosspolymer helianthus annuus sunflower seed oil daucus carota sativa carrot root anthemis nobilis flower butylene glycol malus domestica fruit myrciaria dubia fruit brassica oleracea capitata cabbage leaf hordeum vulgare pinus sylvestris bud brassica rapa turnip leaf raphanus sativus radish seed brassica oleracea italica broccoli sprout 12hexanediol chlorphenesin phenoxyethanol parfum
55,Perfect Whip Collagen in,Senka,other,87400,membersihkan wajah lembut merawat kulit meningkatkan elastisitas kulit meningkatkan kekenyalan kulit menjaga kelembapan tahan membantu memperkuat melindungi skin barrier stearic acid myristic acid peg8 hydroxylated lanolin lauric acid glycerin dipropylene glycol beeswax polyquaternium7 peg90m pegppg147 dimethyl ether sodium hyaluronate sodium acetylated hyaluronate hydrolyzed silk collagen alcohol denat polyquaternium112 tetrasodium edta sodium sulfite silica bht citric acid sorbic acid sodium benzoate phenoxyethanol parfum ci 77492 iron oxides yellow,"['Comedogenic', 'Comedogenic', 'Allergen', 'Comedogenic', 'Comedogenic', 'Drying', 'Controversial', 'Irritant', 'Drying', 'Allergen']",28,10,4469.7,"membersihkan wajah secara lembut, merawat kulit, meningkatkan elastisitas kulit, meningkatkan kekenyalan kulit, menjaga kelembapan tahan lama, membantu memperkuat dan melindungi skin barrier","aqua (water), stearic acid, myristic acid, peg-8, hydroxylated lanolin, lauric acid, glycerin, dipropylene glycol, beeswax, polyquaternium-7, peg-90m, peg/ppg-14/7 dimethyl ether, sodium hyaluronate, sodium acetylated hyaluronate, hydrolyzed silk, collagen water, alcohol denat, polyquaternium-112, tetrasodium edta, sodium sulfite, silica, bht, citric acid, sorbic acid, sodium benzoate, phenoxyethanol, parfum, ci 77492 (iron oxides yellow)",membersihkan wajah lembut merawat kulit meningkatkan elastisitas kulit meningkatkan kekenyalan kulit menjaga kelembapan tahan membantu memperkuat melindungi skin barrier,stearic acid myristic acid peg8 hydroxylated lanolin lauric acid glycerin dipropylene glycol beeswax polyquaternium7 peg90m pegppg147 dimethyl ether sodium hyaluronate sodium acetylated hyaluronate hydrolyzed silk collagen alcohol denat polyquaternium112 tetrasodium edta sodium sulfite silica bht citric acid sorbic acid sodium benzoate phenoxyethanol parfum ci 77492 iron oxides yellow
56,Houttuynia Cordata Cleansing Foam,All Natural,other,181350,membersihkan kulit wajah kotoran membersihkan sisa makeup merawat kelembapan kulit propanediol ethylhexyl methoxycinnamate ethylhexyl salicylate dibutyl adipate bisethylhexyloxyphenol methoxyphenyl triazine diethylamino hydroxybenzoyl hexyl benzoate cyclopentasiloxane behenyl alcohol cetearyl alcohol cyclohexasiloxane terephthalylidene dicamphor sulfonic acid potassium cetyl phosphate tromethamine silica dipropylene glycol dimethicone hydroxyacetophenone 12hexanediol caprylyl glycol acrylatesc1030 alkyl acrylate crosspolymer ammonium acryloyldimethyltauratevp copolymer dimethiconevinyl dimethicone crosspolymer houttuynia cordata xanthan gum ethylhexylglycerin disodium edta glycerin butylene glycol capryliccapric triglyceride dipotassium glycyrrhizate hydrogenated lecithin centella asiatica phytosteryloctyldodecyl lauroyl glutamate ceramide np tocopherol sodium hyaluronate,"['Controversial', 'Drying', 'Drying', 'Comedogenic', 'Allergen']",37,5,7.0," membersihkan kulit wajah dari kotoran,  membersihkan sisa make-up, merawat kelembapan kulit","aqua (water), propanediol, ethylhexyl methoxycinnamate, ethylhexyl salicylate, dibutyl adipate, bis-ethylhexyloxyphenol methoxyphenyl triazine, diethylamino hydroxybenzoyl hexyl benzoate, cyclopentasiloxane, behenyl alcohol, cetearyl alcohol, cyclohexasiloxane, terephthalylidene dicamphor sulfonic acid, potassium cetyl phosphate, tromethamine, silica, dipropylene glycol, dimethicone, hydroxyacetophenone, 1,2-hexanediol, caprylyl glycol, acrylates/c10-30 alkyl acrylate crosspolymer, ammonium acryloyldimethyltaurate/vp copolymer, dimethicone/vinyl dimethicone crosspolymer, houttuynia cordata extract, xanthan gum, ethylhexylglycerin, disodium edta, glycerin, butylene glycol, caprylic/capric triglyceride, dipotassium glycyrrhizate, hydrogenated lecithin, centella asiatica extract, phytosteryl/octyldodecyl lauroyl glutamate, ceramide np, tocopherol, sodium hyaluronate",membersihkan kulit wajah kotoran membersihkan sisa makeup merawat kelembapan kulit,propanediol ethylhexyl methoxycinnamate ethylhexyl salicylate dibutyl adipate bisethylhexyloxyphenol methoxyphenyl triazine diethylamino hydroxybenzoyl hexyl benzoate cyclopentasiloxane behenyl alcohol cetearyl alcohol cyclohexasiloxane terephthalylidene dicamphor sulfonic acid potassium cetyl phosphate tromethamine silica dipropylene glycol dimethicone hydroxyacetophenone 12hexanediol caprylyl glycol acrylatesc1030 alkyl acrylate crosspolymer ammonium acryloyldimethyltauratevp copolymer dimethiconevinyl dimethicone crosspolymer houttuynia cordata xanthan gum ethylhexylglycerin disodium edta glycerin butylene glycol capryliccapric triglyceride dipotassium glycyrrhizate hydrogenated lecithin centella asiatica phytosteryloctyldodecyl lauroyl glutamate ceramide np tocopherol sodium hyaluronate
57,Rice Whip Facial Cleanser Set,I'm From,other,499000,membersihkan wajah lembut membantu mengangkat kotoran iritasi menjaga kelembapan kulit mencuci mendukung kulit lembut mendukung kulit cerah mendukung kulit bercahaya glycerin sodium cocoyl isethionate myristic acid potassium cocoyl glycinate niacinamide methylpropanediol polyquaternium7 butylene glycol ethylhexylglycerin caprylyl glycol 12hexanediol oryza sativa rice disodium edta oryza sativa rice bran steareth30 sodium benzoate caramel gluconolactone salicylic acid capryloyl salicylic acid lactic acid dextrin,"['Comedogenic', 'Exfoliating', 'Exfoliating', 'Exfoliating', 'Exfoliating']",23,5,19.6,"membersihkan wajah secara lembut, membantu mengangkat kotoran tanpa iritasi, menjaga kelembapan kulit setelah mencuci, mendukung kulit terasa lebih lembut, mendukung kulit terasa lebih cerah, mendukung kulit terasa lebih bercahaya","glycerin, aqua (water), sodium cocoyl isethionate, myristic acid, potassium cocoyl glycinate, niacinamide, methylpropanediol, polyquaternium-7, butylene glycol, ethylhexylglycerin, caprylyl glycol, 1,2-hexanediol, oryza sativa (rice) extract, disodium edta, oryza sativa (rice) bran extract, steareth-30, sodium benzoate, caramel, gluconolactone, salicylic acid, capryloyl salicylic acid, lactic acid, dextrin",membersihkan wajah lembut membantu mengangkat kotoran iritasi menjaga kelembapan kulit mencuci mendukung kulit lembut mendukung kulit cerah mendukung kulit bercahaya,glycerin sodium cocoyl isethionate myristic acid potassium cocoyl glycinate niacinamide methylpropanediol polyquaternium7 butylene glycol ethylhexylglycerin caprylyl glycol 12hexanediol oryza sativa rice disodium edta oryza sativa rice bran steareth30 sodium benzoate caramel gluconolactone salicylic acid capryloyl salicylic acid lactic acid dextrin
58,Oil-Free Acne Wash,Neutrogena,other,183700,membersihkan wajah efektif merawat kulit berjerawat membantu mengurangi minyak berlebih membersihkan poripori tersumbat sodium c1416 olefin sulfonate cocamidopropyl betaine salicylic acid peg80 sorbitan laurate benzalkonium chloride c1215 alkyl lactate disodium edta parfum cocamidopropyl pgdimonium chloride phosphate propylene glycol aloe barbadensis leaf anthemis nobilis flower chamomilla recutita matricaria flower ci 19140 ci 16035 red 40,"['Irritant', 'Exfoliating', 'Irritant', 'Allergen', 'Allergen', 'Allergen', 'Allergen']",16,7,862.4000000000001,"membersihkan wajah secara efektif, merawat kulit berjerawat, membantu mengurangi minyak berlebih, membersihkan pori-pori tersumbat","aqua (water), sodium c14-16 olefin sulfonate, cocamidopropyl betaine, salicylic acid, peg-80 sorbitan laurate, benzalkonium chloride, c12-15 alkyl lactate, disodium edta, parfum, cocamidopropyl pg-dimonium chloride phosphate, propylene glycol, aloe barbadensis leaf extract, anthemis nobilis flower extract, chamomilla recutita (matricaria) flower extract, ci 19140, ci 16035 (red 40)",membersihkan wajah efektif merawat kulit berjerawat membantu mengurangi minyak berlebih membersihkan poripori tersumbat,sodium c1416 olefin sulfonate cocamidopropyl betaine salicylic acid peg80 sorbitan laurate benzalkonium chloride c1215 alkyl lactate disodium edta parfum cocamidopropyl pgdimonium chloride phosphate propylene glycol aloe barbadensis leaf anthemis nobilis flower chamomilla recutita matricaria flower ci 19140 ci 16035 red 40
59,Vitamin C Green Tea Enzyme Brightening Pad,Innisfree,serum,350000,memudarkan tampilan noda hitam meratakan warna kulit butylene glycol glycerin niacinamide 12hexanediol panthenol allantoin magnesium ascorbyl phosphate hydroxyethylcellulose citric acid ethylhexylglycerin polyglyceryl10 laurate dipropylene glycol dipotassium glycyrrhizate sodium phytate dextrin sodium hyaluronate sodium citrate gluconolactone methyl diisopropyl propionamide propanediol cyclodextrin betaglucan protease citrus reticulata tangerine peel tocopherol glutathione ferulic acid madecassoside,"['Irritant', 'Exfoliating', 'Exfoliating', 'Allergen']",29,4,14.399999999999999,"memudarkan tampilan noda hitam, meratakan warna kulit","aqua (water), butylene glycol, glycerin, niacinamide, 1,2-hexanediol, panthenol, allantoin, magnesium ascorbyl phosphate, hydroxyethylcellulose, citric acid, ethylhexylglycerin, polyglyceryl-10 laurate, dipropylene glycol, dipotassium glycyrrhizate, sodium phytate, dextrin, sodium hyaluronate, sodium citrate, gluconolactone, methyl diisopropyl propionamide, propanediol, cyclodextrin, beta-glucan, protease, citrus reticulata (tangerine) peel extract, tocopherol, glutathione, ferulic acid, madecassoside ",memudarkan tampilan noda hitam meratakan warna kulit,butylene glycol glycerin niacinamide 12hexanediol panthenol allantoin magnesium ascorbyl phosphate hydroxyethylcellulose citric acid ethylhexylglycerin polyglyceryl10 laurate dipropylene glycol dipotassium glycyrrhizate sodium phytate dextrin sodium hyaluronate sodium citrate gluconolactone methyl diisopropyl propionamide propanediol cyclodextrin betaglucan protease citrus reticulata tangerine peel tocopherol glutathione ferulic acid madecassoside
60,Ariul Watermelon Hydro Vital Sun Serum,Ariul,serum,175000,melembabkan kulit efek glowing menghasilkan tampilan kulit segar menghasilkan tampilan kulit dewy tekstur ringan kulit butylene glycol glycerin 12hexanediol panthenol ammonium acryloyldimethyltauratevp copolymer bisethoxydiglycol cyclohexane 14dicarboxylate erythritol xylitol ammonium acryloyldimethyltauratebeheneth25 methacrylate crosspolymer chlorphenesin polyglyceryl10 laurate polyglyceryl4 laurate polyquaternium51 citrullus vulgaris watermelon fruit adenosine caprylylcapryl glucoside disodium edta parfum sodium hyaluronate hyaluronic acid sodium pca oenothera biennis evening primrose flower pinus palustris leaf pueraria lobata root ulmus davidiana root ascorbic acid biotin cyanocobalamin niacinamide riboflavin,['Allergen'],31,1,22.5,"melembabkan kulit, memberikan efek glowing, menghasilkan tampilan kulit yang segar, menghasilkan tampilan kulit yang dewy, memberikan tekstur ringan di kulit","aqua (water), butylene glycol, glycerin, 1,2-hexanediol, panthenol, ammonium acryloyldimethyltaurate/vp copolymer, bis-ethoxydiglycol cyclohexane 1,4-dicarboxylate, erythritol, xylitol, ammonium acryloyldimethyltaurate/beheneth-25 methacrylate crosspolymer, chlorphenesin, polyglyceryl-10 laurate, polyglyceryl-4 laurate, polyquaternium-51, citrullus vulgaris (watermelon) fruit extract, adenosine, caprylyl/capryl glucoside, disodium edta, parfum, sodium hyaluronate, hyaluronic acid, sodium pca, oenothera biennis (evening primrose) flower extract, pinus palustris leaf extract, pueraria lobata root extract, ulmus davidiana root extract, ascorbic acid, biotin, cyanocobalamin, niacinamide, riboflavin",melembabkan kulit efek glowing menghasilkan tampilan kulit segar menghasilkan tampilan kulit dewy tekstur ringan kulit,butylene glycol glycerin 12hexanediol panthenol ammonium acryloyldimethyltauratevp copolymer bisethoxydiglycol cyclohexane 14dicarboxylate erythritol xylitol ammonium acryloyldimethyltauratebeheneth25 methacrylate crosspolymer chlorphenesin polyglyceryl10 laurate polyglyceryl4 laurate polyquaternium51 citrullus vulgaris watermelon fruit adenosine caprylylcapryl glucoside disodium edta parfum sodium hyaluronate hyaluronic acid sodium pca oenothera biennis evening primrose flower pinus palustris leaf pueraria lobata root ulmus davidiana root ascorbic acid biotin cyanocobalamin niacinamide riboflavin
61,PDRN Hyaluronic Acid Capsule 100 Serum,Anua,serum,399000,melembapkan kulit intensif meningkatkan kelembutan kulit meningkatkan elastisitas kulit kilau alami butylene glycol propanediol glycerin hydrolyzed hyaluronic acid 12hexanediol niacinamide glyceryl oleate lauryl glucoside myristyl glucoside polyglyceryl6 laurate hydrogenated lecithin hydrolyzed collagen sodium hyaluronate coptis japonica root adenosine melia azadirachta leaf melia azadirachta flower coccinia indica fruit glutathione sodium dna solanum melongena eggplant fruit hyaluronic acid hydrolyzed sodium hyaluronate hydroxypropyltrimonium hyaluronate sodium hyaluronate sodium hyaluronate crosspolymer ocimum sanctum leaf citric acid curcuma longa turmeric root corallina officinalis sodium citrate pentylene glycol sodium acetylated hyaluronate,"['Comedogenic', 'Irritant', 'Staining']",34,3,0.0,"melembapkan kulit secara intensif, meningkatkan kelembutan kulit, meningkatkan elastisitas kulit, memberikan kilau alami","aqua (water), butylene glycol, propanediol, glycerin, hydrolyzed hyaluronic acid, 1,2-hexanediol, niacinamide, glyceryl oleate, lauryl glucoside, myristyl glucoside, polyglyceryl-6 laurate, hydrogenated lecithin, hydrolyzed collagen, sodium hyaluronate, coptis japonica root extract, adenosine, melia azadirachta leaf extract, melia azadirachta flower extract, coccinia indica fruit extract, glutathione, sodium dna, solanum melongena (eggplant) fruit extract, hyaluronic acid, hydrolyzed sodium hyaluronate, hydroxypropyltrimonium hyaluronate, sodium hyaluronate, sodium hyaluronate crosspolymer, ocimum sanctum leaf extract, citric acid, curcuma longa (turmeric) root extract, corallina officinalis extract, sodium citrate, pentylene glycol, sodium acetylated hyaluronate",melembapkan kulit intensif meningkatkan kelembutan kulit meningkatkan elastisitas kulit kilau alami,butylene glycol propanediol glycerin hydrolyzed hyaluronic acid 12hexanediol niacinamide glyceryl oleate lauryl glucoside myristyl glucoside polyglyceryl6 laurate hydrogenated lecithin hydrolyzed collagen sodium hyaluronate coptis japonica root adenosine melia azadirachta leaf melia azadirachta flower coccinia indica fruit glutathione sodium dna solanum melongena eggplant fruit hyaluronic acid hydrolyzed sodium hyaluronate hydroxypropyltrimonium hyaluronate sodium hyaluronate sodium hyaluronate crosspolymer ocimum sanctum leaf citric acid curcuma longa turmeric root corallina officinalis sodium citrate pentylene glycol sodium acetylated hyaluronate
62,Vinopure Blemish Salicylic Serum,Caudalie,serum,810000,mengurangi noda jerawat membersihkan mengecilkan tampilan poripori mengontrol minyak berlebih memperhalus tekstur kulit hasil kulit bersih hasil kulit seimbang hasil kulit sehat kilap rosa damascena flower alcohol niacinamide butylene glycol palmitoyl grape seed xanthan gum salicylic acid sodium hyaluronate tocopherol pelargonium graveolens flower oil sodium hydroxide mentha piperita peppermint oil citral cymbopogon citratus leaf oil rosmarinus officinalis rosemary leaf oil citronellol geraniol sodium phytate linalool lavandula hybrida oil melissa officinalis leaf oil limonene,"['Allergen', 'Drying', 'Exfoliating', 'Allergen', 'Irritant', 'Allergen', 'Allergen', 'Allergen', 'Allergen', 'Allergen', 'Allergen', 'Allergen', 'Allergen', 'Allergen', 'Allergen']",23,15,5.0,"mengurangi noda dan jerawat, membersihkan serta mengecilkan tampilan pori-pori, mengontrol minyak berlebih, memperhalus tekstur kulit, memberikan hasil akhir kulit yang lebih bersih, memberikan hasil akhir kulit yang seimbang, memberikan hasil akhir kulit yang tampak sehat tanpa kilap","aqua (water), rosa damascena flower water, alcohol, niacinamide, butylene glycol, palmitoyl grape seed extract, xanthan gum, salicylic acid, sodium hyaluronate, tocopherol, pelargonium graveolens flower oil, sodium hydroxide, mentha piperita (peppermint) oil, citral, cymbopogon citratus leaf oil, rosmarinus officinalis (rosemary) leaf oil, citronellol, geraniol, sodium phytate, linalool, lavandula hybrida oil, melissa officinalis leaf oil, limonene",mengurangi noda jerawat membersihkan mengecilkan tampilan poripori mengontrol minyak berlebih memperhalus tekstur kulit hasil kulit bersih hasil kulit seimbang hasil kulit sehat kilap,rosa damascena flower alcohol niacinamide butylene glycol palmitoyl grape seed xanthan gum salicylic acid sodium hyaluronate tocopherol pelargonium graveolens flower oil sodium hydroxide mentha piperita peppermint oil citral cymbopogon citratus leaf oil rosmarinus officinalis rosemary leaf oil citronellol geraniol sodium phytate linalool lavandula hybrida oil melissa officinalis leaf oil limonene
63,15% Vitamin C + Glow Advance Serum,Elsheskin,serum,130000,mencerahkan kulit optimal membantu menyamarkan noda hitam membantu menyamarkan kemerahan meratakan warna kulit melindungi kulit paparan eksternal ethyl ascorbic acid glycerin alphaarbutin pentylene glycol artemisia capillaris leaf camellia sinensis green tea leaf mel honey phenoxyethanol sodium benzoate caffeine helianthus annuus sunflower sprout terminalia ferdinandiana kakadu plum fruit chlorphenesin rubus idaeus raspberry fruit sodium bisulfite tocopheryl acetate xanthan gum buteth3 daucus carota sativa carrot root ferulic acid polyacrylate crosspolymer6 tetrasodium edta arginine hydrolyzed algin sodium hyaluronate tributyl citrate ethylhexylglycerin hyaluronic acid hydrolyzed hyaluronic acid hydrolyzed sodium hyaluronate hydroxypropyltrimonium hyaluronate potassium hyaluronate sodium acetylated hyaluronate sodium hyaluronate crosspolymer sodium benzotriazolyl butylphenol sulfonate,"['Allergen', 'Drying']",36,2,15.0,"mencerahkan kulit secara optimal, membantu menyamarkan noda hitam, membantu menyamarkan kemerahan, meratakan warna kulit, melindungi kulit dari paparan eksternal","aqua (water), ethyl ascorbic acid, glycerin, alpha-arbutin, pentylene glycol, artemisia capillaris leaf extract, camellia sinensis (green tea) leaf extract, mel (honey) extract, phenoxyethanol, sodium benzoate, caffeine, helianthus annuus (sunflower) sprout extract, terminalia ferdinandiana (kakadu plum) fruit extract, chlorphenesin, rubus idaeus (raspberry) fruit extract, sodium bisulfite, tocopheryl acetate, xanthan gum, buteth-3, daucus carota sativa (carrot) root extract, ferulic acid, polyacrylate crosspolymer-6, tetrasodium edta, arginine, hydrolyzed algin, sodium hyaluronate, tributyl citrate, ethylhexylglycerin, hyaluronic acid, hydrolyzed hyaluronic acid, hydrolyzed sodium hyaluronate, hydroxypropyltrimonium hyaluronate, potassium hyaluronate, sodium acetylated hyaluronate, sodium hyaluronate crosspolymer, sodium benzotriazolyl butylphenol sulfonate",mencerahkan kulit optimal membantu menyamarkan noda hitam membantu menyamarkan kemerahan meratakan warna kulit melindungi kulit paparan eksternal,ethyl ascorbic acid glycerin alphaarbutin pentylene glycol artemisia capillaris leaf camellia sinensis green tea leaf mel honey phenoxyethanol sodium benzoate caffeine helianthus annuus sunflower sprout terminalia ferdinandiana kakadu plum fruit chlorphenesin rubus idaeus raspberry fruit sodium bisulfite tocopheryl acetate xanthan gum buteth3 daucus carota sativa carrot root ferulic acid polyacrylate crosspolymer6 tetrasodium edta arginine hydrolyzed algin sodium hyaluronate tributyl citrate ethylhexylglycerin hyaluronic acid hydrolyzed hyaluronic acid hydrolyzed sodium hyaluronate hydroxypropyltrimonium hyaluronate potassium hyaluronate sodium acetylated hyaluronate sodium hyaluronate crosspolymer sodium benzotriazolyl butylphenol sulfonate
64,The Hyaluronic Acid 3 Serum,COSRX,serum,203670,hidrasi intensif kulit membantu memperkuat skin barrier membantu menjaga kekencangan skin barrier kulit lembap kulit halus kulit nyaman butylene glycol propanediol glycerin sodium hyaluronate pentylene glycol 12hexanediol diethoxyethyl succinate sodium polyacryloyldimethyl taurate betaine xanthan gum dimethicone hydroxyethyl acrylatesodium acryloyldimethyl taurate copolymer sodium pca sodium lactate sodium pca glyceryl acrylateacrylic acid copolymer hydrogenated lecithin ethylhexylglycerin serine alanine glycine sodium phytate sorbitan isostearate pvmma copolymer glutamic acid citric acid lysine hcl threonine arginine sodium methyl stearoyl taurate proline ceramide np cholesterol capryliccapric triglyceride phytosphingosine stearic acid oleic acid alcohol tocopherol lactic acid caprylyl glycol caprylhydroxamic acid,"['Irritant', 'Comedogenic', 'Comedogenic', 'Comedogenic', 'Drying', 'Exfoliating']",43,6,935.3000000000001,"memberikan hidrasi intensif pada kulit, membantu memperkuat skin barrier, membantu menjaga kekencangan skin barrier, membuat kulit terasa lebih lembap, membuat kulit terasa lebih halus, membuat kulit terasa lebih nyaman","aqua (water), butylene glycol, propanediol, glycerin, sodium hyaluronate, pentylene glycol, 1,2-hexanediol, diethoxyethyl succinate, sodium polyacryloyldimethyl taurate, betaine, xanthan gum, dimethicone, hydroxyethyl acrylate/sodium acryloyldimethyl taurate copolymer, sodium pca, sodium lactate, sodium pca, glyceryl acrylate/acrylic acid copolymer, hydrogenated lecithin, ethylhexylglycerin, serine, alanine, glycine, sodium phytate, sorbitan isostearate, pvm/ma copolymer, glutamic acid, citric acid, lysine hcl, threonine, arginine, sodium methyl stearoyl taurate, proline, ceramide np, cholesterol, caprylic/capric triglyceride, phytosphingosine, stearic acid, oleic acid, alcohol, tocopherol, lactic acid, caprylyl glycol, caprylhydroxamic acid",hidrasi intensif kulit membantu memperkuat skin barrier membantu menjaga kekencangan skin barrier kulit lembap kulit halus kulit nyaman,butylene glycol propanediol glycerin sodium hyaluronate pentylene glycol 12hexanediol diethoxyethyl succinate sodium polyacryloyldimethyl taurate betaine xanthan gum dimethicone hydroxyethyl acrylatesodium acryloyldimethyl taurate copolymer sodium pca sodium lactate sodium pca glyceryl acrylateacrylic acid copolymer hydrogenated lecithin ethylhexylglycerin serine alanine glycine sodium phytate sorbitan isostearate pvmma copolymer glutamic acid citric acid lysine hcl threonine arginine sodium methyl stearoyl taurate proline ceramide np cholesterol capryliccapric triglyceride phytosphingosine stearic acid oleic acid alcohol tocopherol lactic acid caprylyl glycol caprylhydroxamic acid
65,Concentrated Ginseng Brightening Serum,Sulwhasoo,serum,1900000,membantu menyamarkan flek hitam membantu mengatasi kulit kusam meratakan rona kulit meningkatkan kecerahan kulit merawat elastisitas kulit merawat kepadatan kulit alcohol denat propanediol pegppg176 copolymer polyglycerin3 dimethicone glycerin cetyl ethylhexanoate niacinamide phytosteryloctyldodecyl lauroyl glutamate 12hexanediol butylene glycol phenyl trimethicone caprylyl methicone c1422 alcohols glyceryl stearate peg100 stearate polymethyl methacrylate vinyl dimethiconemethicone silsesquioxane crosspolymer sodium polyacryloyldimethyl taurate hydroxyethyl acrylatesodium acryloyldimethyl taurate copolymer carbomer parfum c1220 alkyl glucoside thymol trimethoxycinnamate ci 77891 titanium dioxide cetearyl alcohol tromethamine glyceryl caprylate dimethiconol synthetic fluorphlogopite disodium edta ethylhexylglycerin adenosine mica methoxy peg114polyepsiloncaprolactone morus alba root linalool sorbitan isostearate polysorbate 60 tranexamic acid panax ginseng root limonene hydrolyzed ginseng saponins mel honey rehmannia glutinosa root phenoxyethanol paeonia lactiflora root lilium candidum bulb polygonatum odoratum rhizome tin oxide glucose nelumbo nucifera flower tocopherol,"['Drying', 'Comedogenic', 'Drying', 'Comedogenic', 'Allergen', 'Drying', 'Allergen', 'Allergen', 'Allergen', 'Drying', 'Allergen']",54,11,0.0,"membantu menyamarkan flek hitam, membantu mengatasi kulit kusam, meratakan rona kulit, meningkatkan kecerahan kulit, merawat elastisitas kulit, merawat kepadatan kulit","aqua (water), alcohol denat, propanediol, peg/ppg-17/6 copolymer, polyglycerin-3, dimethicone, glycerin, cetyl ethylhexanoate, niacinamide, phytosteryl/octyldodecyl lauroyl glutamate, 1,2-hexanediol, butylene glycol, phenyl trimethicone, caprylyl methicone, c14-22 alcohols, glyceryl stearate, peg-100 stearate, polymethyl methacrylate, vinyl dimethicone/methicone silsesquioxane crosspolymer, sodium polyacryloyldimethyl taurate, hydroxyethyl acrylate/sodium acryloyldimethyl taurate copolymer, carbomer, parfum, c12-20 alkyl glucoside, thymol trimethoxycinnamate, ci 77891 (titanium dioxide), cetearyl alcohol, tromethamine, glyceryl caprylate, dimethiconol, synthetic fluorphlogopite, disodium edta, ethylhexylglycerin, adenosine, mica, methoxy peg-114/poly(epsilon-caprolactone), morus alba root extract, linalool, sorbitan isostearate, polysorbate 60, tranexamic acid, panax ginseng root extract, limonene, hydrolyzed ginseng saponins, mel (honey) extract, rehmannia glutinosa root extract, phenoxyethanol, paeonia lactiflora root extract, lilium candidum bulb extract, polygonatum odoratum rhizome extract, tin oxide, glucose, nelumbo nucifera flower extract, tocopherol ",membantu menyamarkan flek hitam membantu mengatasi kulit kusam meratakan rona kulit meningkatkan kecerahan kulit merawat elastisitas kulit merawat kepadatan kulit,alcohol denat propanediol pegppg176 copolymer polyglycerin3 dimethicone glycerin cetyl ethylhexanoate niacinamide phytosteryloctyldodecyl lauroyl glutamate 12hexanediol butylene glycol phenyl trimethicone caprylyl methicone c1422 alcohols glyceryl stearate peg100 stearate polymethyl methacrylate vinyl dimethiconemethicone silsesquioxane crosspolymer sodium polyacryloyldimethyl taurate hydroxyethyl acrylatesodium acryloyldimethyl taurate copolymer carbomer parfum c1220 alkyl glucoside thymol trimethoxycinnamate ci 77891 titanium dioxide cetearyl alcohol tromethamine glyceryl caprylate dimethiconol synthetic fluorphlogopite disodium edta ethylhexylglycerin adenosine mica methoxy peg114polyepsiloncaprolactone morus alba root linalool sorbitan isostearate polysorbate 60 tranexamic acid panax ginseng root limonene hydrolyzed ginseng saponins mel honey rehmannia glutinosa root phenoxyethanol paeonia lactiflora root lilium candidum bulb polygonatum odoratum rhizome tin oxide glucose nelumbo nucifera flower tocopherol
66,Daily Boost Antioxidant Serum,Elsheskin,serum,84150,melindungi kulit radikal bebas melindungi kulit paparan lingkungan membantu menjaga kesehatan kulit membantu menjaga kecerahan kulit hidrasi ringan 3oethyl ascorbic acid propylene glycol glycerin propanediol diisopropyl adipate lecithin acrylic acidacrylamidomethyl propane sulfonic acid copolymer dimethylmethoxy chromanol glyceryl caprylate xanthan gum caesalpinia spinosa fruit pod phenoxyethanol helianthus annuus sprout sodium benzoate camellia sinensis green tea leaf ethylhexylglycerin peg400 dimethyl isosorbide tocopheryl acetate melanin pentylene glycol polyglutamic acid carbomer ferulic acid hyaluronic acid disodium edta peg40 hydrogenated castor oil,['Drying'],28,1,584.1999999999999,"melindungi kulit dari radikal bebas, melindungi kulit dari paparan lingkungan, membantu menjaga kesehatan kulit, membantu menjaga kecerahan kulit, memberikan hidrasi ringan","aqua (water), 3-o-ethyl ascorbic acid, propylene glycol, glycerin, propanediol, diisopropyl adipate, lecithin, acrylic acid/acrylamidomethyl propane sulfonic acid copolymer, dimethylmethoxy chromanol, glyceryl caprylate, xanthan gum, caesalpinia spinosa fruit pod extract, phenoxyethanol, helianthus annuus sprout extract, sodium benzoate, camellia sinensis (green tea) leaf extract, ethylhexylglycerin, peg-400, dimethyl isosorbide, tocopheryl acetate, melanin, pentylene glycol, polyglutamic acid, carbomer, ferulic acid, hyaluronic acid, disodium edta, peg-40 hydrogenated castor oil",melindungi kulit radikal bebas melindungi kulit paparan lingkungan membantu menjaga kesehatan kulit membantu menjaga kecerahan kulit hidrasi ringan,3oethyl ascorbic acid propylene glycol glycerin propanediol diisopropyl adipate lecithin acrylic acidacrylamidomethyl propane sulfonic acid copolymer dimethylmethoxy chromanol glyceryl caprylate xanthan gum caesalpinia spinosa fruit pod phenoxyethanol helianthus annuus sprout sodium benzoate camellia sinensis green tea leaf ethylhexylglycerin peg400 dimethyl isosorbide tocopheryl acetate melanin pentylene glycol polyglutamic acid carbomer ferulic acid hyaluronic acid disodium edta peg40 hydrogenated castor oil
67,Retinol Rejuvenating Serum,LANBENA,serum,158364,membantu melawan tanda penuaan mempercepat regenerasi kulit mengurangi kerutan mengurangi garis halus mengencangkan kulit meningkatkan elastisitas kulit menyamarkan noda menyamarkan hiperpigmentasi glycerin niacinamide butylene glycol dimethicone pentylene glycol panthenol squalane triethylhexanoin tocopheryl acetate retinyl acetate hydroxyacetophenone 12hexanediol sodium hyaluronateglycine soja soybean oil peg40 stearate cetearyl dimethicone laureth3 retinyl palmitate retinol disodium edta steareth2 steareth21 ceramide np acetyl dipeptide1 cetyl ester tocopherol ethylhexylglycerin arachis hypogaea peanut oil scutellaria alpina flowerleafstem ceramide ap ci 15985 yellow 6 ceramide eop helianthus annuus sunflower seed oil sodium hydroxide acrylatesc1030 alkyl acrylate crosspolymer ci 77492 iron oxides yellow triethoxycaprylylsilane parfum,"['Comedogenic', 'Irritant', 'Irritant', 'Irritant', 'Allergen', 'Irritant', 'Allergen']",37,7,0.0,"membantu melawan tanda penuaan, mempercepat regenerasi kulit, mengurangi kerutan, mengurangi garis halus, mengencangkan kulit, meningkatkan elastisitas kulit, menyamarkan noda, menyamarkan hiperpigmentasi","aqua (water), glycerin, niacinamide, butylene glycol, dimethicone, pentylene glycol, panthenol, squalane, triethylhexanoin, tocopheryl acetate, retinyl acetate, hydroxyacetophenone, 1,2-hexanediol, sodium hyaluronate,glycine soja (soybean) oil, peg-40 stearate, cetearyl dimethicone, laureth-3, retinyl palmitate, retinol, disodium edta, steareth-2, steareth-21, ceramide np, acetyl dipeptide-1 cetyl ester, tocopherol, ethylhexylglycerin, arachis hypogaea (peanut) oil, scutellaria alpina flower/leaf/stem extract, ceramide ap, ci 15985 (yellow 6), ceramide eop, helianthus annuus (sunflower) seed oil, sodium hydroxide, acrylates/c10-30 alkyl acrylate crosspolymer, ci 77492 (iron oxides yellow), triethoxycaprylylsilane, parfum  ",membantu melawan tanda penuaan mempercepat regenerasi kulit mengurangi kerutan mengurangi garis halus mengencangkan kulit meningkatkan elastisitas kulit menyamarkan noda menyamarkan hiperpigmentasi,glycerin niacinamide butylene glycol dimethicone pentylene glycol panthenol squalane triethylhexanoin tocopheryl acetate retinyl acetate hydroxyacetophenone 12hexanediol sodium hyaluronateglycine soja soybean oil peg40 stearate cetearyl dimethicone laureth3 retinyl palmitate retinol disodium edta steareth2 steareth21 ceramide np acetyl dipeptide1 cetyl ester tocopherol ethylhexylglycerin arachis hypogaea peanut oil scutellaria alpina flowerleafstem ceramide ap ci 15985 yellow 6 ceramide eop helianthus annuus sunflower seed oil sodium hydroxide acrylatesc1030 alkyl acrylate crosspolymer ci 77492 iron oxides yellow triethoxycaprylylsilane parfum
68,The Vitamin C 23 Serum,COSRX,serum,231570,mencerahkan kulit memudarkan bekas jerawat membantu mengurangi garis halus kulit segar kulit bercahaya ascorbic acid propanediol dimethicone tromethamine panthenol ethyl ascorbyl ether squalane caffeine sodium chloride sodium hyaluronate sodium sulfite disodium edta glutathione adenosine acetyl glucosamine gardenia florida fruit allantoin dextrin tocotrienols tocopherol elaeis guineensis palm oil butylene glycol arginine niacinamide pentylene glycol alcohol denat helianthus annuus sunflower seed oil glycyrrhiza glabra licorice root methyl trimethicone carthamus tinctorius safflower seed oil camellia japonica seed oil daucus carota sativa carrot root betacarotene,"['Comedogenic', 'Drying']",34,2,5060.0,"mencerahkan kulit, memudarkan bekas jerawat, membantu mengurangi garis halus, membuat kulit tampak lebih segar, membuat kulit tampak lebih bercahaya","aqua (water), ascorbic acid, propanediol, dimethicone, tromethamine, panthenol, ethyl ascorbyl ether, squalane, caffeine, sodium chloride, sodium hyaluronate, sodium sulfite, disodium edta, glutathione, adenosine, acetyl glucosamine, gardenia florida fruit extract, allantoin, dextrin, tocotrienols, tocopherol, elaeis guineensis (palm) oil, butylene glycol, arginine, niacinamide, pentylene glycol, alcohol denat, helianthus annuus (sunflower) seed oil, glycyrrhiza glabra (licorice) root extract, methyl trimethicone, carthamus tinctorius (safflower) seed oil, camellia japonica seed oil, daucus carota sativa (carrot) root extract, beta-carotene",mencerahkan kulit memudarkan bekas jerawat membantu mengurangi garis halus kulit segar kulit bercahaya,ascorbic acid propanediol dimethicone tromethamine panthenol ethyl ascorbyl ether squalane caffeine sodium chloride sodium hyaluronate sodium sulfite disodium edta glutathione adenosine acetyl glucosamine gardenia florida fruit allantoin dextrin tocotrienols tocopherol elaeis guineensis palm oil butylene glycol arginine niacinamide pentylene glycol alcohol denat helianthus annuus sunflower seed oil glycyrrhiza glabra licorice root methyl trimethicone carthamus tinctorius safflower seed oil camellia japonica seed oil daucus carota sativa carrot root betacarotene
69,Dr.G RTX Into Serum Vitaminshot,Dr.G,serum,599000,menutrisi mencerahkan kulit menenangkan iritasi membantu memperbaiki tampilan tekstur kulit butylene glycol glycerin niacinamide dipropylene glycol propanediol 12hexanediol xylitol simmondsia chinensis jojoba seed oil c1214 alketh12 hydrolyzed sponge squalane chlorella vulgaris glucose hydrogenated polyisobutene ammonium acryloyldimethyltauratevp copolymer carbomer hydrogenated lecithin allantoin fructooligosaccharides fructose panthenol trehalose solanum lycopersicum tomato fruit tromethamine ethylhexylglycerin xanthan gum adenosine dipotassium glycyrrhizate sodium hyaluronate sodium phytate betaglucan ascorbic acid cellulose tocopherol polyglutamic acid malus domestica fruit cell culture,[],37,0,8.8,"menutrisi dan mencerahkan kulit, menenangkan iritasi, membantu memperbaiki tampilan tekstur kulit","aqua (water), butylene glycol, glycerin, niacinamide, dipropylene glycol, propanediol, 1,2-hexanediol, xylitol, simmondsia chinensis (jojoba) seed oil, c12-14 alketh-12, hydrolyzed sponge, squalane, chlorella vulgaris extract, glucose, hydrogenated polyisobutene, ammonium acryloyldimethyltaurate/vp copolymer, carbomer, hydrogenated lecithin, allantoin, fructooligosaccharides, fructose, panthenol, trehalose, solanum lycopersicum (tomato) fruit extract, tromethamine, ethylhexylglycerin, xanthan gum, adenosine, dipotassium glycyrrhizate, sodium hyaluronate, sodium phytate, beta-glucan, ascorbic acid, cellulose, tocopherol, polyglutamic acid, malus domestica fruit cell culture extract   ",menutrisi mencerahkan kulit menenangkan iritasi membantu memperbaiki tampilan tekstur kulit,butylene glycol glycerin niacinamide dipropylene glycol propanediol 12hexanediol xylitol simmondsia chinensis jojoba seed oil c1214 alketh12 hydrolyzed sponge squalane chlorella vulgaris glucose hydrogenated polyisobutene ammonium acryloyldimethyltauratevp copolymer carbomer hydrogenated lecithin allantoin fructooligosaccharides fructose panthenol trehalose solanum lycopersicum tomato fruit tromethamine ethylhexylglycerin xanthan gum adenosine dipotassium glycyrrhizate sodium hyaluronate sodium phytate betaglucan ascorbic acid cellulose tocopherol polyglutamic acid malus domestica fruit cell culture
70,Dr.G RTX Into Serum Hyalshot,Dr.G,serum,599000,hidrasi intens kulit kenyal kulit halus meningkatkan kelembapan kulit dipropylene glycol glycerin butylene glycol 12hexanediol niacinamide methylpropanediol betaine panthenol hydrolyzed sponge ammonium acryloyldimethyltauratevp copolymer hydroxyethyl urea acrylatesc1030 alkyl acrylate crosspolymer tromethamine xanthan gum ethylhexylglycerin polyquaternium51 adenosine disodium edta hydrolyzed hyaluronic acid sodium hyaluronate betaglucan tocopherol mandelic acid malus domestica fruit cell culture,['Exfoliating'],25,1,0.0,"memberikan hidrasi intens, membuat kulit terasa lebih kenyal, membuat kulit terasa lebih halus, meningkatkan kelembapan kulit","aqua (water), dipropylene glycol, glycerin, butylene glycol, 1,2-hexanediol, niacinamide, methylpropanediol, betaine, panthenol, hydrolyzed sponge, ammonium acryloyldimethyltaurate/vp copolymer, hydroxyethyl urea, acrylates/c10-30 alkyl acrylate crosspolymer, tromethamine, xanthan gum, ethylhexylglycerin, polyquaternium-51, adenosine, disodium edta, hydrolyzed hyaluronic acid, sodium hyaluronate, beta-glucan, tocopherol, mandelic acid, malus domestica fruit cell culture extract  ",hidrasi intens kulit kenyal kulit halus meningkatkan kelembapan kulit,dipropylene glycol glycerin butylene glycol 12hexanediol niacinamide methylpropanediol betaine panthenol hydrolyzed sponge ammonium acryloyldimethyltauratevp copolymer hydroxyethyl urea acrylatesc1030 alkyl acrylate crosspolymer tromethamine xanthan gum ethylhexylglycerin polyquaternium51 adenosine disodium edta hydrolyzed hyaluronic acid sodium hyaluronate betaglucan tocopherol mandelic acid malus domestica fruit cell culture
71,Dr.G RTX Into Serum Peptishot,Dr.G,serum,599000,mendukung elastisitas kulit merawat kelembapan membantu mengurangi tandatanda penuaan ringan glycerin propanediol 12hexanediol methyl trimethicone niacinamide pentaerythrityl tetraethylhexanoate squalane methylpropanediol hydroxyethyl acrylatesodium acryloyldimethyl taurate copolymer polyglyceryl3 methylglucose distearate polyglyceryl6 distearate hydrolyzed spongeacrylatesc1030 alkyl acrylate crosspolymer hydrogenated lecithin glyceryl stearate candelillajojobarice bran polyglyceryl3 esters tromethamine xanthan gum collagen amino acids ethylhexylglycerin adenosine glyceryl acrylateacrylic acid copolymer sorbitan isostearate haematococcus pluvialis disodium edta sodium hyaluronate betaglucan tocopherol copper tripeptide1 butylene glycol capryliccapric triglyceride macadamia ternifolia seed oil retinal cholesterol polyglyceryl10 laurate brassica campestris rapeseed sterols silica aluminummagnesium hydroxide stearate ceramide np potassium cetyl phosphate pentaerythrityl tetraditbutyl hydroxyhydrocinnamate malus domestica fruit cell culture,"['Comedogenic', 'Comedogenic', 'Irritant']",42,3,4.3,"mendukung elastisitas kulit, merawat kelembapan, membantu mengurangi tanda-tanda penuaan ringan","aqua (water), glycerin, propanediol, 1,2-hexanediol, methyl trimethicone, niacinamide, pentaerythrityl tetraethylhexanoate, squalane, methylpropanediol, hydroxyethyl acrylate/sodium acryloyldimethyl taurate copolymer, polyglyceryl-3 methylglucose distearate, polyglyceryl-6 distearate, hydrolyzed sponge,acrylates/c10-30 alkyl acrylate crosspolymer, hydrogenated lecithin, glyceryl stearate, candelilla/jojoba/rice bran polyglyceryl-3 esters, tromethamine, xanthan gum, collagen amino acids, ethylhexylglycerin, adenosine, glyceryl acrylate/acrylic acid copolymer, sorbitan isostearate, haematococcus pluvialis extract, disodium edta, sodium hyaluronate, beta-glucan, tocopherol, copper tripeptide-1, butylene glycol, caprylic/capric triglyceride, macadamia ternifolia seed oil, retinal, cholesterol, polyglyceryl-10 laurate, brassica campestris (rapeseed) sterols, silica, aluminum/magnesium hydroxide stearate, ceramide np, potassium cetyl phosphate, pentaerythrityl tetra-di-t-butyl hydroxyhydrocinnamate, malus domestica fruit cell culture extract   ",mendukung elastisitas kulit merawat kelembapan membantu mengurangi tandatanda penuaan ringan,glycerin propanediol 12hexanediol methyl trimethicone niacinamide pentaerythrityl tetraethylhexanoate squalane methylpropanediol hydroxyethyl acrylatesodium acryloyldimethyl taurate copolymer polyglyceryl3 methylglucose distearate polyglyceryl6 distearate hydrolyzed spongeacrylatesc1030 alkyl acrylate crosspolymer hydrogenated lecithin glyceryl stearate candelillajojobarice bran polyglyceryl3 esters tromethamine xanthan gum collagen amino acids ethylhexylglycerin adenosine glyceryl acrylateacrylic acid copolymer sorbitan isostearate haematococcus pluvialis disodium edta sodium hyaluronate betaglucan tocopherol copper tripeptide1 butylene glycol capryliccapric triglyceride macadamia ternifolia seed oil retinal cholesterol polyglyceryl10 laurate brassica campestris rapeseed sterols silica aluminummagnesium hydroxide stearate ceramide np potassium cetyl phosphate pentaerythrityl tetraditbutyl hydroxyhydrocinnamate malus domestica fruit cell culture
72,Perfect Vita C Bright Glow Serum,Glad2Glow,serum,49000,mencerahkan kulit meratakan rona kulit menyamarkan noda gelap menjaga kelembapan kulit dipropylene glycol glycerin betaine pentylene glycol 3oethyl ascorbic acid diethoxyethyl succinate peg60 hydrogenated castor oil hydroxyacetophenone 12hexanediol butylene glycol citrus reticulata tangerine fruit parfum sodium polyacryloyldimethyl taurate xanthan gum sodium citrate propanediol sodium hyaluronate disodium edta potassium hydroxide crocus sativus flower betaglucan ci 19140 ethylhexylglycerin ci 16035 red 40,"['Allergen', 'Allergen', 'Irritant']",25,3,9.6,"mencerahkan kulit, meratakan rona kulit, menyamarkan noda gelap, menjaga kelembapan kulit","aqua (water), dipropylene glycol, glycerin, betaine, pentylene glycol, 3-o-ethyl ascorbic acid, diethoxyethyl succinate, peg-60 hydrogenated castor oil, hydroxyacetophenone, 1,2-hexanediol, butylene glycol, citrus reticulata (tangerine) fruit extract, parfum, sodium polyacryloyldimethyl taurate, xanthan gum, sodium citrate, propanediol, sodium hyaluronate, disodium edta, potassium hydroxide, crocus sativus flower extract, beta-glucan, ci 19140, ethylhexylglycerin, ci 16035 (red 40)",mencerahkan kulit meratakan rona kulit menyamarkan noda gelap menjaga kelembapan kulit,dipropylene glycol glycerin betaine pentylene glycol 3oethyl ascorbic acid diethoxyethyl succinate peg60 hydrogenated castor oil hydroxyacetophenone 12hexanediol butylene glycol citrus reticulata tangerine fruit parfum sodium polyacryloyldimethyl taurate xanthan gum sodium citrate propanediol sodium hyaluronate disodium edta potassium hydroxide crocus sativus flower betaglucan ci 19140 ethylhexylglycerin ci 16035 red 40
73,10% Pure Vitamin C Brightening Serum,Skintific,serum,135850,mencerahkan kulit memudarkan noda hitam memudarkan blemishes memperhalus tekstur kulit tampilan kulit berseri ascorbic acid erythritol dipropylene glycol pentylene glycol butylene glycol glycerin propanediol hydrolyzed algae malt diglucosyl gallic acid citric acid,['Irritant'],12,1,122.50000000000001,"mencerahkan kulit, memudarkan noda hitam, memudarkan blemishes, memperhalus tekstur kulit,  memberikan tampilan kulit lebih berseri","ascorbic acid, aqua (water), erythritol, dipropylene glycol, pentylene glycol, butylene glycol, glycerin, propanediol, hydrolyzed algae extract, malt extract, diglucosyl gallic acid, citric acid",mencerahkan kulit memudarkan noda hitam memudarkan blemishes memperhalus tekstur kulit tampilan kulit berseri,ascorbic acid erythritol dipropylene glycol pentylene glycol butylene glycol glycerin propanediol hydrolyzed algae malt diglucosyl gallic acid citric acid
74,Radiant Advance Serum,Elsheskin,serum,123750,mencerahkan kulit membantu meratakan warna kulit mengurangi tanda penuaan meningkatkan elastisitas kulit meningkatkan kesehatan kulit niacinamide tranexamic acid butylene glycol propanediol undecylenoyl phenylalanine phytic acid dipropylene glycol glycerin alphaarbutin arbutin citric acid sodium sulfite acetyl tyrosine saxifraga sarmentosa paeonia suffruticosa root aminopropyl ascorbyl phosphate scutellaria baicalensis root glutathione sodium palmitoyl proline nymphaea alba flower dipeptide diaminobutyroyl benzylamide diacetate lactic acid hydroxyethyl acrylatesodium acryloyldimethyl taurate copolymer polyacrylamide c1314 isoparaffin laureth7 hexapeptide2 kojic acid acetyl glucosamine arisaema amurense decyl glucoside 12hexanediol phenylethyl resorcinol phenoxyethanol ethylhexylglycerin allantoin glycyrrhiza glabra licorice root farnesol linalool sodium metabisulfite sodium bisulfite disodium edta,"['Irritant', 'Exfoliating', 'Irritant', 'Drying', 'Allergen', 'Allergen']",43,6,615.7,"mencerahkan kulit, membantu meratakan warna kulit, mengurangi tanda penuaan dini, meningkatkan elastisitas kulit, meningkatkan kesehatan kulit","aqua (water), niacinamide, tranexamic acid, butylene glycol, propanediol, undecylenoyl phenylalanine, phytic acid, dipropylene glycol, glycerin, alpha-arbutin, arbutin, citric acid, sodium sulfite, acetyl tyrosine, saxifraga sarmentosa extract, paeonia suffruticosa root extract, aminopropyl ascorbyl phosphate, scutellaria baicalensis root extract, glutathione, sodium palmitoyl proline, nymphaea alba flower extract, dipeptide diaminobutyroyl benzylamide diacetate, lactic acid, hydroxyethyl acrylate/sodium acryloyldimethyl taurate copolymer, polyacrylamide, c13-14 isoparaffin, laureth-7, hexapeptide-2, kojic acid, acetyl glucosamine, arisaema amurense extract, decyl glucoside, 1,2-hexanediol, phenylethyl resorcinol, phenoxyethanol, ethylhexylglycerin, allantoin, glycyrrhiza glabra (licorice) root extract, farnesol, linalool, sodium metabisulfite, sodium bisulfite, disodium edta",mencerahkan kulit membantu meratakan warna kulit mengurangi tanda penuaan meningkatkan elastisitas kulit meningkatkan kesehatan kulit,niacinamide tranexamic acid butylene glycol propanediol undecylenoyl phenylalanine phytic acid dipropylene glycol glycerin alphaarbutin arbutin citric acid sodium sulfite acetyl tyrosine saxifraga sarmentosa paeonia suffruticosa root aminopropyl ascorbyl phosphate scutellaria baicalensis root glutathione sodium palmitoyl proline nymphaea alba flower dipeptide diaminobutyroyl benzylamide diacetate lactic acid hydroxyethyl acrylatesodium acryloyldimethyl taurate copolymer polyacrylamide c1314 isoparaffin laureth7 hexapeptide2 kojic acid acetyl glucosamine arisaema amurense decyl glucoside 12hexanediol phenylethyl resorcinol phenoxyethanol ethylhexylglycerin allantoin glycyrrhiza glabra licorice root farnesol linalool sodium metabisulfite sodium bisulfite disodium edta
75,Even Tone + Radiance Renew Serum,KAIE,serum,102000,membantu meratakan rona kulit meningkatkan kecerahan kulit hidrasi kenyamanan kulit wajah niacinamide glycerin 12hexanediol glycereth26 pentylene glycol panthenol ammonium acryloyldimethyltauratevp copolymer tranexamic acid propanediol ethylhexylglycerin citric acid disodium edta tremella fuciformis mushroom ascorbyl glucoside magnesium chloride calcium gluconate pyridoxine hcl tocopherol 3oethyl ascorbic acid yeast hyaluronic acid sodium hyaluronate hydrolyzed hyaluronic acid butylene glycol glycyrrhiza uralensis licorice root cyanocobalamin phenoxyethanol hydrogenated lecithin laurdimonium hydroxypropyl hydrolyzed wheat protein phytosterols ceramide np,"['Irritant', 'Drying']",32,2,0.0,"membantu meratakan rona kulit, meningkatkan kecerahan kulit, memberikan hidrasi, memberikan kenyamanan pada kulit wajah","aqua (water), niacinamide, glycerin, 1,2-hexanediol, glycereth-26, pentylene glycol, panthenol, ammonium acryloyldimethyltaurate/vp copolymer, tranexamic acid, propanediol, ethylhexylglycerin, citric acid, disodium edta, tremella fuciformis (mushroom) extract, ascorbyl glucoside, magnesium chloride, calcium gluconate, pyridoxine hcl, tocopherol, 3-o-ethyl ascorbic acid, yeast extract, hyaluronic acid, sodium hyaluronate, hydrolyzed hyaluronic acid, butylene glycol, glycyrrhiza uralensis (licorice) root extract, cyanocobalamin, phenoxyethanol, hydrogenated lecithin, laurdimonium hydroxypropyl hydrolyzed wheat protein, phytosterols, ceramide np",membantu meratakan rona kulit meningkatkan kecerahan kulit hidrasi kenyamanan kulit wajah,niacinamide glycerin 12hexanediol glycereth26 pentylene glycol panthenol ammonium acryloyldimethyltauratevp copolymer tranexamic acid propanediol ethylhexylglycerin citric acid disodium edta tremella fuciformis mushroom ascorbyl glucoside magnesium chloride calcium gluconate pyridoxine hcl tocopherol 3oethyl ascorbic acid yeast hyaluronic acid sodium hyaluronate hydrolyzed hyaluronic acid butylene glycol glycyrrhiza uralensis licorice root cyanocobalamin phenoxyethanol hydrogenated lecithin laurdimonium hydroxypropyl hydrolyzed wheat protein phytosterols ceramide np
76,Hydra Booster + Daily Moisture Serum,KAIE,serum,102000,hidrasi intensif membantu menjaga kadar kelembapan kulit mendukung tekstur kulit lembut mendukung tekstur kulit kenyal glycerin 12hexanediol pentylene glycol panthenol ammonium acryloyldimethyltauratevp copolymer capryliccapric triglyceride hydrogenated lecithin propanediol ethylhexylglycerin sodium citrate citric acid disodium edta ceramide np tremella fuciformis mushroom ascorbyl glucoside magnesium chloride calcium gluconate pyridoxine hcl tocopherol yeast hyaluronic acid sodium hyaluronate hydrolyzed hyaluronic acid butylene glycol cyanocobalamin phenoxyethanol laurdimonium hydroxypropyl hydrolyzed wheat protein phytosterols,"['Comedogenic', 'Irritant', 'Drying']",29,3,4.8,"memberikan hidrasi intensif, membantu menjaga kadar kelembapan kulit sepanjang hari, mendukung tekstur kulit yang lembut,  mendukung tekstur kulit yang kenyal","aqua (water), glycerin, 1,2-hexanediol, pentylene glycol, panthenol, ammonium acryloyldimethyltaurate/vp copolymer, caprylic/capric triglyceride, hydrogenated lecithin, propanediol, ethylhexylglycerin, sodium citrate, citric acid, disodium edta, ceramide np, tremella fuciformis (mushroom) extract, ascorbyl glucoside, magnesium chloride, calcium gluconate, pyridoxine hcl, tocopherol, yeast extract, hyaluronic acid, sodium hyaluronate, hydrolyzed hyaluronic acid, butylene glycol, cyanocobalamin, phenoxyethanol, laurdimonium hydroxypropyl hydrolyzed wheat protein, phytosterols",hidrasi intensif membantu menjaga kadar kelembapan kulit mendukung tekstur kulit lembut mendukung tekstur kulit kenyal,glycerin 12hexanediol pentylene glycol panthenol ammonium acryloyldimethyltauratevp copolymer capryliccapric triglyceride hydrogenated lecithin propanediol ethylhexylglycerin sodium citrate citric acid disodium edta ceramide np tremella fuciformis mushroom ascorbyl glucoside magnesium chloride calcium gluconate pyridoxine hcl tocopherol yeast hyaluronic acid sodium hyaluronate hydrolyzed hyaluronic acid butylene glycol cyanocobalamin phenoxyethanol laurdimonium hydroxypropyl hydrolyzed wheat protein phytosterols
77,Blemish Care + Pore Refining Serum,KAIE,serum,71000,mengurangi tampilan blemish mengurangi tampilan poripori membantu memperhalus tekstur kulit mendukung rutinitas perawatan kulit bersih butylene glycol niacinamide centella asiatica leaf 12hexanediol salicylic acid pentylene glycol panthenol polysorbate 20 sodium hydroxide tromethamine hydroxyethylcellulose propanediol citric acid ethylhexylglycerin allantoin disodium edta tremella fuciformis mushroom ascorbyl glucoside disodium phosphate polysorbate 60 magnesium chloride sodium phosphate calcium gluconate pyridoxine hcl tocopherol salix alba willow bark yeast cyanocobalamin hydrogenated lecithin laurdimonium hydroxypropyl hydrolyzed wheat protein phytosterols ceramide np,"['Allergen', 'Exfoliating', 'Irritant', 'Irritant']",33,4,0.0,"mengurangi tampilan blemish, mengurangi tampilan pori-pori, membantu memperhalus tekstur kulit, mendukung rutinitas perawatan kulit yang lebih bersih","aqua (water), butylene glycol, niacinamide, centella asiatica leaf water, 1,2-hexanediol, salicylic acid, pentylene glycol, panthenol, polysorbate 20, sodium hydroxide, tromethamine, hydroxyethylcellulose, propanediol, citric acid, ethylhexylglycerin, allantoin, disodium edta, tremella fuciformis (mushroom) extract, ascorbyl glucoside, disodium phosphate, polysorbate 60, magnesium chloride, sodium phosphate, calcium gluconate, pyridoxine hcl, tocopherol, salix alba (willow) bark extract, yeast extract, cyanocobalamin, hydrogenated lecithin, laurdimonium hydroxypropyl hydrolyzed wheat protein, phytosterols, ceramide np   ",mengurangi tampilan blemish mengurangi tampilan poripori membantu memperhalus tekstur kulit mendukung rutinitas perawatan kulit bersih,butylene glycol niacinamide centella asiatica leaf 12hexanediol salicylic acid pentylene glycol panthenol polysorbate 20 sodium hydroxide tromethamine hydroxyethylcellulose propanediol citric acid ethylhexylglycerin allantoin disodium edta tremella fuciformis mushroom ascorbyl glucoside disodium phosphate polysorbate 60 magnesium chloride sodium phosphate calcium gluconate pyridoxine hcl tocopherol salix alba willow bark yeast cyanocobalamin hydrogenated lecithin laurdimonium hydroxypropyl hydrolyzed wheat protein phytosterols ceramide np
78,7 Rice Ceramide Hydrating Barrier Serum,Anua,serum,349000,hidrasi intensif membantu memperkuat skin barrier mengurangi produksi sebum berlebih menjadikan kulit lembap menjadikan kulit bercahaya oryza sativa rice bran dipropylene glycol glycerin methylpropanediol butylene glycol methyl gluceth10 niacinamide 12hexanediol panthenol hydroxyethyl urea pentylene glycol sodium polyacrylate oryza sativa rice capryliccapric triglyceride carbomer hydrogenated lecithin ethylhexylglycerin polyquaternium51 adenosine allantoin sodium phytate xanthan gum ceramide np sodium hyaluronate alphaarbutin angelica keiskei corchorus olitorius leaf dioscorea japonica root hibiscus esculentus fruit nelumbo nucifera root betaglucan tocopherol defatted rice bran arbutin zinc stearate defatted rice bran oryza sativa rice bran hydrolyzed rice protein oryza sativa rice seed protein mel honey hyaluronic acid hydrolyzed hyaluronic acid,"['Comedogenic', 'Fotosensitizing', 'Allergen']",43,3,4.8,"memberikan hidrasi intensif, membantu memperkuat skin barrier, mengurangi produksi sebum berlebih, menjadikan kulit tampak lebih lembap, menjadikan kulit tampak bercahaya","oryza sativa (rice) bran water, dipropylene glycol, glycerin, methylpropanediol, aqua (water), butylene glycol, methyl gluceth-10, niacinamide, 1,2-hexanediol, panthenol, hydroxyethyl urea, pentylene glycol, sodium polyacrylate, oryza sativa (rice) extract, caprylic/capric triglyceride, carbomer, hydrogenated lecithin, ethylhexylglycerin, polyquaternium-51, adenosine, allantoin, sodium phytate, xanthan gum, ceramide np, sodium hyaluronate, alpha-arbutin, angelica keiskei extract, corchorus olitorius leaf extract, dioscorea japonica root extract, hibiscus esculentus fruit extract, nelumbo nucifera root extract, beta-glucan, tocopherol, defatted rice bran extract, arbutin, zinc stearate, defatted rice bran, oryza sativa (rice) bran extract, hydrolyzed rice protein, oryza sativa (rice) seed protein, mel (honey) extract, hyaluronic acid, hydrolyzed hyaluronic acid
",hidrasi intensif membantu memperkuat skin barrier mengurangi produksi sebum berlebih menjadikan kulit lembap menjadikan kulit bercahaya,oryza sativa rice bran dipropylene glycol glycerin methylpropanediol butylene glycol methyl gluceth10 niacinamide 12hexanediol panthenol hydroxyethyl urea pentylene glycol sodium polyacrylate oryza sativa rice capryliccapric triglyceride carbomer hydrogenated lecithin ethylhexylglycerin polyquaternium51 adenosine allantoin sodium phytate xanthan gum ceramide np sodium hyaluronate alphaarbutin angelica keiskei corchorus olitorius leaf dioscorea japonica root hibiscus esculentus fruit nelumbo nucifera root betaglucan tocopherol defatted rice bran arbutin zinc stearate defatted rice bran oryza sativa rice bran hydrolyzed rice protein oryza sativa rice seed protein mel honey hyaluronic acid hydrolyzed hyaluronic acid
79,Niacinamide 10% + TXA 3% Serum,Anua,serum,319000,mencerahkan kulit membantu meratakan warna kulit membantu memudarkan noda hitam membantu memudarkan hiperpigmentasi glycerin niacinamide methylpropanediol tranexamic acid 12hexanediol arbutin sodium hyaluronate xanthan gum ethylhexylglycerin carbomer potentilla anserina ammonium acryloyldimethyltauratevp copolymer adenosine tromethamine polyquaternium51 avena sativa oat kernel cynara scolymus artichoke leaf betaglucan hydrogenated lecithin camellia sinensis leaf disodium edta alphaarbutin cyanocobalamin lactococcus ferment lysate fructooligosaccharides butylene glycol centella asiatica cyperus rotundus root extracttocopherol melaleuca alternifolia tea tree leaf sodium chloride propanediol dimethylsilanol hyaluronate hydrolyzed hyaluronic acid hydrolyzed sodium hyaluronate hyaluronic acid potassium hyaluronate ceramide np sodium hyaluronate crosspolymer hydroxypropyltrimonium hyaluronate sodium hyaluronate dimethylsilanol sodium acetylated hyaluronate sucrose distearate capryliccapric triglyceride hydroxypropyl cyclodextrin centella asiatica leaf saccharomyces ferment centella asiatica root asiaticoside madecassoside madecassic acid asiatic acid,"['Allergen', 'Allergen', 'Comedogenic', 'Allergen', 'Allergen']",52,5,117.0,"mencerahkan kulit, membantu meratakan warna kulit, membantu memudarkan noda hitam, membantu memudarkan hiperpigmentasi","aqua (water), glycerin, niacinamide, methylpropanediol, tranexamic acid, 1,2-hexanediol, arbutin, sodium hyaluronate, xanthan gum, ethylhexylglycerin, carbomer, potentilla anserina extract, ammonium acryloyldimethyltaurate/vp copolymer, adenosine, tromethamine, polyquaternium-51, avena sativa (oat) kernel extract, cynara scolymus (artichoke) leaf extract, beta-glucan, hydrogenated lecithin, camellia sinensis leaf water, disodium edta, alpha-arbutin, cyanocobalamin, lactococcus ferment lysate, fructooligosaccharides, butylene glycol, centella asiatica extract, cyperus rotundus root extract,tocopherol, melaleuca alternifolia (tea tree) leaf extract, sodium chloride, propanediol, dimethylsilanol hyaluronate, hydrolyzed hyaluronic acid, hydrolyzed sodium hyaluronate, hyaluronic acid, potassium hyaluronate, ceramide np, sodium hyaluronate crosspolymer, hydroxypropyltrimonium hyaluronate, sodium hyaluronate dimethylsilanol, sodium acetylated hyaluronate, sucrose distearate, caprylic/capric triglyceride, hydroxypropyl cyclodextrin, centella asiatica leaf extract, saccharomyces ferment, centella asiatica root extract, asiaticoside, madecassoside, madecassic acid, asiatic acid",mencerahkan kulit membantu meratakan warna kulit membantu memudarkan noda hitam membantu memudarkan hiperpigmentasi,glycerin niacinamide methylpropanediol tranexamic acid 12hexanediol arbutin sodium hyaluronate xanthan gum ethylhexylglycerin carbomer potentilla anserina ammonium acryloyldimethyltauratevp copolymer adenosine tromethamine polyquaternium51 avena sativa oat kernel cynara scolymus artichoke leaf betaglucan hydrogenated lecithin camellia sinensis leaf disodium edta alphaarbutin cyanocobalamin lactococcus ferment lysate fructooligosaccharides butylene glycol centella asiatica cyperus rotundus root extracttocopherol melaleuca alternifolia tea tree leaf sodium chloride propanediol dimethylsilanol hyaluronate hydrolyzed hyaluronic acid hydrolyzed sodium hyaluronate hyaluronic acid potassium hyaluronate ceramide np sodium hyaluronate crosspolymer hydroxypropyltrimonium hyaluronate sodium hyaluronate dimethylsilanol sodium acetylated hyaluronate sucrose distearate capryliccapric triglyceride hydroxypropyl cyclodextrin centella asiatica leaf saccharomyces ferment centella asiatica root asiaticoside madecassoside madecassic acid asiatic acid
80,Vitamin C Brightening Serum with Niacinamide,Mediheal,serum,299000,mencerahkan kulit meratakan warna kulit membantu menyamarkan noda membantu menyamarkan hyperpigmentasi tampilan glowing glycerin butylene glycol propanediol 12hexanediol niacinamide glyceryl polymethacrylate panthenol betaine polyglyceryl10 laurate acrylatesc1030 alkyl acrylate crosspolymer diphenyl dimethicone triethylhexanoin tromethamine madecassoside ethylhexylglycerin hydrogenated lecithin xanthan gum sodium hyaluronate centella asiatica asiaticoside pyrus communis pear fruit juniperus virginiana oil centella asiatica leaf betaglucan rosa damascena flower cucumis melo melon fruit iris florentina root hedera helix ivy leafstem simmondsia chinensis jojoba seed oil pogostemon cablin oil artemisia vulgaris mugwort oil rosmarinus officinalis rosemary leaf oil tocopherol dipropylene glycol pentylene glycol caprylylcapryl glucoside madecassic acid asiatic acid ceramide np,"['Comedogenic', 'Allergen', 'Allergen', 'Allergen', 'Allergen', 'Allergen', 'Irritant', 'Allergen', 'Allergen', 'Allergen']",40,10,171.5,"mencerahkan kulit, meratakan warna kulit, membantu menyamarkan noda, membantu menyamarkan hyperpigmentasi, memberikan tampilan lebih glowing","aqua (water), glycerin, butylene glycol, propanediol, 1,2-hexanediol, niacinamide, glyceryl polymethacrylate, panthenol, betaine, polyglyceryl-10 laurate, acrylates/c10-30 alkyl acrylate crosspolymer, diphenyl dimethicone, triethylhexanoin, tromethamine, madecassoside, ethylhexylglycerin, hydrogenated lecithin, xanthan gum, sodium hyaluronate, centella asiatica extract, asiaticoside, pyrus communis (pear) fruit extract, juniperus virginiana oil, centella asiatica leaf extract, beta-glucan, rosa damascena flower water, cucumis melo (melon) fruit extract, iris florentina root extract, hedera helix (ivy) leaf/stem extract, simmondsia chinensis (jojoba) seed oil, pogostemon cablin oil, artemisia vulgaris (mugwort) oil, rosmarinus officinalis (rosemary) leaf oil, tocopherol, dipropylene glycol, pentylene glycol, caprylyl/capryl glucoside, madecassic acid, asiatic acid, ceramide np",mencerahkan kulit meratakan warna kulit membantu menyamarkan noda membantu menyamarkan hyperpigmentasi tampilan glowing,glycerin butylene glycol propanediol 12hexanediol niacinamide glyceryl polymethacrylate panthenol betaine polyglyceryl10 laurate acrylatesc1030 alkyl acrylate crosspolymer diphenyl dimethicone triethylhexanoin tromethamine madecassoside ethylhexylglycerin hydrogenated lecithin xanthan gum sodium hyaluronate centella asiatica asiaticoside pyrus communis pear fruit juniperus virginiana oil centella asiatica leaf betaglucan rosa damascena flower cucumis melo melon fruit iris florentina root hedera helix ivy leafstem simmondsia chinensis jojoba seed oil pogostemon cablin oil artemisia vulgaris mugwort oil rosmarinus officinalis rosemary leaf oil tocopherol dipropylene glycol pentylene glycol caprylylcapryl glucoside madecassic acid asiatic acid ceramide np
81,Lift Regenerating Serum,Wardah,serum,224100,meningkatkan regenerasi sel kulit membantu mengurangi tampilan tanda penuaan garis halus memperbaiki tekstur kulit niacinamide glycerin dimethicone methyl gluceth20 butylene glycol cetyl alcohol arachidyl alcohol phenoxyethanol hydroxypropyl tetrahydropyrantriol behenyl alcohol polyacrylate13 allantoin bisabolol phenyl trimethicone propanediol arachidyl glucoside chlorphenesin polyisobutene capryliccapric triglyceride sodium hyaluronate polysorbate 20 disodium edta pentylene glycol carbomer deoxyphytantriyl palmitamide mea hydrogenated lecithin ceramide np cholesterol aminomethyl propanol 12hexanediol centella asiatica leaf vesicles palmitoyl tripeptide1 palmitoyl tetrapeptide7 sodium dna oligopeptide1,"['Drying', 'Drying', 'Drying', 'Drying', 'Comedogenic', 'Irritant', 'Allergen']",36,7,19.6,"meningkatkan regenerasi sel kulit, membantu mengurangi tampilan tanda penuaan seperti garis halus, memperbaiki tekstur kulit","aqua (water), niacinamide, glycerin, dimethicone, methyl gluceth-20, butylene glycol, cetyl alcohol, arachidyl alcohol, phenoxyethanol, hydroxypropyl tetrahydropyrantriol, behenyl alcohol, polyacrylate-13, allantoin, bisabolol, phenyl trimethicone, propanediol, arachidyl glucoside, chlorphenesin, polyisobutene, caprylic/capric triglyceride, sodium hyaluronate, polysorbate 20, disodium edta, pentylene glycol, carbomer, deoxyphytantriyl palmitamide mea, hydrogenated lecithin, ceramide np, cholesterol, aminomethyl propanol, 1,2-hexanediol, centella asiatica leaf vesicles, palmitoyl tripeptide-1, palmitoyl tetrapeptide-7, sodium dna, oligopeptide-1",meningkatkan regenerasi sel kulit membantu mengurangi tampilan tanda penuaan garis halus memperbaiki tekstur kulit,niacinamide glycerin dimethicone methyl gluceth20 butylene glycol cetyl alcohol arachidyl alcohol phenoxyethanol hydroxypropyl tetrahydropyrantriol behenyl alcohol polyacrylate13 allantoin bisabolol phenyl trimethicone propanediol arachidyl glucoside chlorphenesin polyisobutene capryliccapric triglyceride sodium hyaluronate polysorbate 20 disodium edta pentylene glycol carbomer deoxyphytantriyl palmitamide mea hydrogenated lecithin ceramide np cholesterol aminomethyl propanol 12hexanediol centella asiatica leaf vesicles palmitoyl tripeptide1 palmitoyl tetrapeptide7 sodium dna oligopeptide1
82,Radiant Resurfacing Serum,Wardah,serum,224100,menyamarkan tekstur merata memperbaiki kilau kulit membantu memperhalus kulit tampilan glowing glycolic acid potassium hydroxide niacinamide phenoxyethanol chlorphenesin trideceth9 peg40 hydrogenated castor oil propylene glycol ethylhexylglycerin tocopheryl acetate ulva lactuca polysorbate 20 glycerin parfum glycyrrhiza glabra licorice root potassium sorbate sodium benzoate,"['Exfoliating', 'Irritant', 'Drying', 'Allergen']",18,4,28.799999999999997,"menyamarkan tekstur tidak merata, memperbaiki kilau kulit, membantu memperhalus kulit, memberikan tampilan lebih glowing","aqua (water), glycolic acid, potassium hydroxide, niacinamide, phenoxyethanol, chlorphenesin, trideceth-9, peg-40 hydrogenated castor oil, propylene glycol, ethylhexylglycerin, tocopheryl acetate, ulva lactuca extract, polysorbate 20, glycerin, parfum, glycyrrhiza glabra (licorice) root extract, potassium sorbate, sodium benzoate",menyamarkan tekstur merata memperbaiki kilau kulit membantu memperhalus kulit tampilan glowing,glycolic acid potassium hydroxide niacinamide phenoxyethanol chlorphenesin trideceth9 peg40 hydrogenated castor oil propylene glycol ethylhexylglycerin tocopheryl acetate ulva lactuca polysorbate 20 glycerin parfum glycyrrhiza glabra licorice root potassium sorbate sodium benzoate
83,Concentrated Ginseng Rejuvenating Serum,Sulwhasoo,serum,2950000,membantu melawan tandatanda penuaan meningkatkan kekenyalan kulit meningkatkan elastisitas kulit kulit halus kulit muda butylene glycol glycerin methyl gluceth20 cetyl ethylhexanoate behenyl alcohol betaine 12hexanediol methoxy peg114polyepsiloncaprolactone niacinamide carbomer tromethamine phenyl trimethicone caprylyl methicone jojoba esters parfum hydrolyzed ginseng saponins glyceryl caprylate phenoxyethanol arachidyl alcohol ethylhexylglycerin dextrin theobroma cacao cocoa sodium metaphosphate linalool arachidyl glucoside panthenol mannitol panax ginseng seed oil glycine soja soybean oil panax ginseng root sodium chloride panax ginseng leafstem limonene rehmannia glutinosa root paeonia lactiflora root panax ginseng flower polygonatum odoratum rhizome nelumbo nucifera flower retinol propanediol lilium tigrinum bulb hydrogenated lecithin sodium hyaluronate tocopherol caprylyl glycol pentaerythrityl tetraditbutyl hydroxyhydrocinnamate phytosphingosine sodium polyaspartate hydrolyzed hyaluronic acid acetyl heptapeptide4 sodium hyaluronate crosspolymer acetyl tetrapeptide11 sodium methyl stearoyl taurate hyaluronic acid acetyl hexapeptide8 sodium hydroxide hexapeptide9 sodium acetylated hyaluronate acetyl octapeptide3,"['Comedogenic', 'Drying', 'Allergen', 'Drying', 'Drying', 'Allergen', 'Allergen', 'Irritant', 'Allergen', 'Irritant']",60,10,0.0,"membantu melawan tanda-tanda penuaan, meningkatkan kekenyalan kulit, meningkatkan elastisitas kulit, membuat kulit terasa lebih halus, membuat kulit tampak lebih muda","aqua (water), butylene glycol, glycerin, methyl gluceth-20, cetyl ethylhexanoate, behenyl alcohol, betaine, 1,2-hexanediol, methoxy peg-114/poly(epsilon-caprolactone), niacinamide, carbomer, tromethamine, phenyl trimethicone, caprylyl methicone, jojoba esters, parfum, hydrolyzed ginseng saponins, glyceryl caprylate, phenoxyethanol, arachidyl alcohol, ethylhexylglycerin, dextrin, theobroma cacao (cocoa) extract, sodium metaphosphate, linalool, arachidyl glucoside, panthenol, mannitol, panax ginseng seed oil, glycine soja (soybean) oil, panax ginseng root extract, sodium chloride, panax ginseng leaf/stem extract, limonene, rehmannia glutinosa root extract, paeonia lactiflora root extract, panax ginseng flower extract, polygonatum odoratum rhizome extract, nelumbo nucifera flower extract, retinol, propanediol, lilium tigrinum bulb extract, hydrogenated lecithin, sodium hyaluronate, tocopherol, caprylyl glycol, pentaerythrityl tetra-di-t-butyl hydroxyhydrocinnamate, phytosphingosine, sodium polyaspartate, hydrolyzed hyaluronic acid, acetyl heptapeptide-4, sodium hyaluronate crosspolymer, acetyl tetrapeptide-11, sodium methyl stearoyl taurate, hyaluronic acid, acetyl hexapeptide-8, sodium hydroxide, hexapeptide-9, sodium acetylated hyaluronate, acetyl octapeptide-3   ",membantu melawan tandatanda penuaan meningkatkan kekenyalan kulit meningkatkan elastisitas kulit kulit halus kulit muda,butylene glycol glycerin methyl gluceth20 cetyl ethylhexanoate behenyl alcohol betaine 12hexanediol methoxy peg114polyepsiloncaprolactone niacinamide carbomer tromethamine phenyl trimethicone caprylyl methicone jojoba esters parfum hydrolyzed ginseng saponins glyceryl caprylate phenoxyethanol arachidyl alcohol ethylhexylglycerin dextrin theobroma cacao cocoa sodium metaphosphate linalool arachidyl glucoside panthenol mannitol panax ginseng seed oil glycine soja soybean oil panax ginseng root sodium chloride panax ginseng leafstem limonene rehmannia glutinosa root paeonia lactiflora root panax ginseng flower polygonatum odoratum rhizome nelumbo nucifera flower retinol propanediol lilium tigrinum bulb hydrogenated lecithin sodium hyaluronate tocopherol caprylyl glycol pentaerythrityl tetraditbutyl hydroxyhydrocinnamate phytosphingosine sodium polyaspartate hydrolyzed hyaluronic acid acetyl heptapeptide4 sodium hyaluronate crosspolymer acetyl tetrapeptide11 sodium methyl stearoyl taurate hyaluronic acid acetyl hexapeptide8 sodium hydroxide hexapeptide9 sodium acetylated hyaluronate acetyl octapeptide3
84,Radiance Booster Serum Spray,Skintific,serum,117650,hidrasi intensif menenangkan kulit membantu menjaga skin barrier membantu memperkuat skin barrier kulit bercahaya kulit segar kulit muda efek mengencangkan bifida ferment filtrate lactobacillus ferment isododecane niacinamide butylene glycol glycerin 12hexanediol squalane diphenylsiloxy phenyl trimethicone hydroxyacetophenone pegppgpolybutylene glycol853 glycerin ectoin panthenol centella asiatica leaf sodium chloride olea europaea olive leaf tuber magnatum ceramide ap ceramide ceramide eop ceramide np ceramide ns sodium hyaluronate thermus thermophillus ferment hippophae rhamnoides sea buckthorn fruit oil laminaria digitata saccharide isomerate hydrogenated lecithin polyglycerin10 caprylhydroxamic acid cholesterol ethylhexylglycerin cetylpg hydroxyethyl palmitamide phenoxyethanol parfum citric acid sodium citrate,"['Allergen', 'Staining', 'Drying', 'Allergen', 'Irritant']",38,5,820.8,"memberikan hidrasi intensif, menenangkan kulit, membantu menjaga skin barrier, membantu memperkuat skin barrier, membuat kulit tampak lebih bercahaya, membuat kulit tampak segar, membuat kulit tampak muda, memberikan efek mengencangkan","bifida ferment filtrate, lactobacillus ferment, isododecane, niacinamide, butylene glycol, glycerin, 1,2-hexanediol, squalane, diphenylsiloxy phenyl trimethicone, hydroxyacetophenone, aqua (water), peg/ppg/polybutylene glycol-8/5/3 glycerin, ectoin, panthenol, centella asiatica leaf extract, sodium chloride, olea europaea (olive) leaf extract, tuber magnatum extract, ceramide ap, ceramide as, ceramide eop, ceramide np, ceramide ns, sodium hyaluronate, thermus thermophillus ferment, hippophae rhamnoides (sea buckthorn) fruit oil, laminaria digitata extract, saccharide isomerate, hydrogenated lecithin, polyglycerin-10, caprylhydroxamic acid, cholesterol, ethylhexylglycerin, cetyl-pg hydroxyethyl palmitamide, phenoxyethanol, parfum, citric acid, sodium citrate",hidrasi intensif menenangkan kulit membantu menjaga skin barrier membantu memperkuat skin barrier kulit bercahaya kulit segar kulit muda efek mengencangkan,bifida ferment filtrate lactobacillus ferment isododecane niacinamide butylene glycol glycerin 12hexanediol squalane diphenylsiloxy phenyl trimethicone hydroxyacetophenone pegppgpolybutylene glycol853 glycerin ectoin panthenol centella asiatica leaf sodium chloride olea europaea olive leaf tuber magnatum ceramide ap ceramide ceramide eop ceramide np ceramide ns sodium hyaluronate thermus thermophillus ferment hippophae rhamnoides sea buckthorn fruit oil laminaria digitata saccharide isomerate hydrogenated lecithin polyglycerin10 caprylhydroxamic acid cholesterol ethylhexylglycerin cetylpg hydroxyethyl palmitamide phenoxyethanol parfum citric acid sodium citrate
85,No.1 Pantothenic B5 Active Soothing Serum,Numbuzin,serum,247500,hidrasi cepat hidrasi tahan menenangkan kulit mendukung keseimbangan kulit rentan berjerawat butylene glycol niacinamide glycerin dipropylene glycol 12hexanediol panthenol sophora angustifolia root acrylatesc1030 alkyl acrylate crosspolymer propanediol diethoxyethyl succinate tromethamine hydrogenated lecithin ammonium acryloyldimethyltauratevp copolymer betaine pantothenic acid trehalose ethylhexylglycerin glyceryl oleate sodium phytate allantoin alphaarbutin houttuynia cordata lauryl glucoside myristyl glucoside polyglyceryl6 laurate zinc pca melia azadirachta leaf tocopherol glycyrrhiza uralensis licorice root melia azadirachta flower coccinia indica fruit centella asiatica sodium hyaluronate citric acid solanum melongena eggplant fruit betaglucan ocimum sanctum leaf hyaluronic acid decyl glucoside curcuma longa turmeric root corallina officinalis dipotassium glycyrrhizate hydrolyzed hyaluronic acid simmondsia chinensis jojoba seed oilcamellia sinensis green tea leaf pinus densiflora leaf,"['Comedogenic', 'Allergen', 'Irritant', 'Staining']",46,4,7.2,"memberikan hidrasi cepat, memberikan hidrasi tahan lama, menenangkan kulit, mendukung keseimbangan kulit yang rentan berjerawat","aqua (water), butylene glycol, niacinamide, glycerin, dipropylene glycol, 1,2-hexanediol, panthenol, sophora angustifolia root extract, acrylates/c10-30 alkyl acrylate crosspolymer, propanediol, diethoxyethyl succinate, tromethamine, hydrogenated lecithin, ammonium acryloyldimethyltaurate/vp copolymer, betaine, pantothenic acid, trehalose, ethylhexylglycerin, glyceryl oleate, sodium phytate, allantoin, alpha-arbutin, houttuynia cordata extract, lauryl glucoside, myristyl glucoside, polyglyceryl-6 laurate, zinc pca, melia azadirachta leaf extract, tocopherol, glycyrrhiza uralensis (licorice) root extract, melia azadirachta flower extract, coccinia indica fruit extract, centella asiatica extract, sodium hyaluronate, citric acid, solanum melongena (eggplant) fruit extract, beta-glucan, ocimum sanctum leaf extract, hyaluronic acid, decyl glucoside, curcuma longa (turmeric) root extract, corallina officinalis extract, dipotassium glycyrrhizate, hydrolyzed hyaluronic acid, simmondsia chinensis (jojoba) seed oil,camellia sinensis (green tea) leaf extract, pinus densiflora leaf extract",hidrasi cepat hidrasi tahan menenangkan kulit mendukung keseimbangan kulit rentan berjerawat,butylene glycol niacinamide glycerin dipropylene glycol 12hexanediol panthenol sophora angustifolia root acrylatesc1030 alkyl acrylate crosspolymer propanediol diethoxyethyl succinate tromethamine hydrogenated lecithin ammonium acryloyldimethyltauratevp copolymer betaine pantothenic acid trehalose ethylhexylglycerin glyceryl oleate sodium phytate allantoin alphaarbutin houttuynia cordata lauryl glucoside myristyl glucoside polyglyceryl6 laurate zinc pca melia azadirachta leaf tocopherol glycyrrhiza uralensis licorice root melia azadirachta flower coccinia indica fruit centella asiatica sodium hyaluronate citric acid solanum melongena eggplant fruit betaglucan ocimum sanctum leaf hyaluronic acid decyl glucoside curcuma longa turmeric root corallina officinalis dipotassium glycyrrhizate hydrolyzed hyaluronic acid simmondsia chinensis jojoba seed oilcamellia sinensis green tea leaf pinus densiflora leaf
86,2% Salicylic Acid Acne Serum,FACERINNA,serum,69000,membantu melawan jerawat membersihkan poripori menghambat bakteri penyebab jerawat membantu mencerahkan bekas jerawat menenangkan kulit mengontrol minyak berlebih butylene glycol glycerin salicylic acid acacia senegal gum niacinamide capryliccapric glycerides polyglyceryl10 esters hydroxyacetophenone 12hexanediol pentylene glycol hydrolyzed sclerotium gum prunus amygdalus dulcis sweet almond oil ocymen5ol madecassoside hydroxyphenyl propamidobenzoic acid hydrogenated lecithin quaternium73 citric acid,"['Exfoliating', 'Allergen', 'Irritant']",18,3,7005.799999999999,"membantu melawan jerawat, membersihkan pori-pori, menghambat bakteri penyebab jerawat, membantu mencerahkan bekas jerawat, menenangkan kulit, mengontrol minyak berlebih","aqua (water), butylene glycol, glycerin, salicylic acid, acacia senegal gum, niacinamide, caprylic/capric glycerides polyglyceryl-10 esters, hydroxyacetophenone, 1,2-hexanediol, pentylene glycol, hydrolyzed sclerotium gum, prunus amygdalus dulcis (sweet almond) oil, o-cymen-5-ol, madecassoside, hydroxyphenyl propamidobenzoic acid, hydrogenated lecithin, quaternium-73, citric acid",membantu melawan jerawat membersihkan poripori menghambat bakteri penyebab jerawat membantu mencerahkan bekas jerawat menenangkan kulit mengontrol minyak berlebih,butylene glycol glycerin salicylic acid acacia senegal gum niacinamide capryliccapric glycerides polyglyceryl10 esters hydroxyacetophenone 12hexanediol pentylene glycol hydrolyzed sclerotium gum prunus amygdalus dulcis sweet almond oil ocymen5ol madecassoside hydroxyphenyl propamidobenzoic acid hydrogenated lecithin quaternium73 citric acid
87,10% Niacinamide 3% TXA Bright Dark Spot Serum,FACERINNA,serum,69000,membantu memudarkan noda hitam membantu memudarkan bekas jerawat meratakan warna kulit mengurangi kemerahan menjaga kelembapan kulit niacinamide propylene glycol butylene glycol glycerin pentylene glycol tranexamic acid panthenol dimethicone 12hexanediol diethoxyethyl succinate trisiloxane polyglyceryl10 myristate diglycerin polyacrylate crosspolymer6 acrylatesc1030 alkyl acrylate crosspolymer lactobacillussoymilk ferment filtrate carbomer dipropylene glycol disodium edta xanthan gum arginine sodium stearoyl glutamate hydroxyacetophenone phenoxyethanol caprylyl glycol ethylhexylglycerin stephania tetrandra root gentiana scabra,['Drying'],29,1,5.0,"membantu memudarkan noda hitam, membantu memudarkan bekas jerawat, meratakan warna kulit, mengurangi kemerahan, menjaga kelembapan kulit","aqua (water), niacinamide, propylene glycol, butylene glycol, glycerin, pentylene glycol, tranexamic acid, panthenol, dimethicone, 1,2-hexanediol, diethoxyethyl succinate, trisiloxane, polyglyceryl-10 myristate, diglycerin, polyacrylate crosspolymer-6, acrylates/c10-30 alkyl acrylate crosspolymer, lactobacillus/soymilk ferment filtrate, carbomer, dipropylene glycol, disodium edta, xanthan gum, arginine, sodium stearoyl glutamate, hydroxyacetophenone, phenoxyethanol, caprylyl glycol, ethylhexylglycerin, stephania tetrandra root extract, gentiana scabra extract",membantu memudarkan noda hitam membantu memudarkan bekas jerawat meratakan warna kulit mengurangi kemerahan menjaga kelembapan kulit,niacinamide propylene glycol butylene glycol glycerin pentylene glycol tranexamic acid panthenol dimethicone 12hexanediol diethoxyethyl succinate trisiloxane polyglyceryl10 myristate diglycerin polyacrylate crosspolymer6 acrylatesc1030 alkyl acrylate crosspolymer lactobacillussoymilk ferment filtrate carbomer dipropylene glycol disodium edta xanthan gum arginine sodium stearoyl glutamate hydroxyacetophenone phenoxyethanol caprylyl glycol ethylhexylglycerin stephania tetrandra root gentiana scabra
88,Retinol Anti Aging Serum,FACERINNA,serum,69000,membantu mengurangi garis halus membantu mengurangi kerutan memperbaiki tekstur kulit mendukung regenerasi kulit mendukung produksi kolagen menjaga kelembapan kulit halus kulit sehat kulit terawat butylene glycol propylene glycol capryliccapric glycerides polyglyceryl10 esters betaine squalane niacinamide glycerin hydroxyacetophenone 12hexanediol pentylene glycolcetearyl olivate acrylatesc1030 alkyl acrylate crosspolymer allantoin madecassoside sorbitan olivate ocymen5ol xanthan gum aminomethyl propanol hydroxyphenyl propamidobenzoic acid retinol undecane tridecane prunus persica peach fruit phenoxyethanol quaternium73 tocopherol ethylhexylglycerin,"['Irritant', 'Irritant', 'Allergen', 'Drying']",27,4,0.0,"membantu mengurangi garis halus, membantu mengurangi kerutan, memperbaiki tekstur kulit, mendukung regenerasi kulit, mendukung produksi kolagen, menjaga kelembapan, membuat kulit tampak lebih halus, membuat kulit tampak sehat, membuat kulit tampak terawat","aqua (water), butylene glycol, propylene glycol, caprylic/capric glycerides polyglyceryl-10 esters, betaine, squalane, niacinamide, glycerin, hydroxyacetophenone, 1,2-hexanediol, pentylene glycol,cetearyl olivate, acrylates/c10-30 alkyl acrylate crosspolymer, allantoin, madecassoside, sorbitan olivate, o-cymen-5-ol, xanthan gum, aminomethyl propanol, hydroxyphenyl propamidobenzoic acid, retinol, undecane, tridecane, prunus persica (peach) fruit extract, phenoxyethanol, quaternium-73, tocopherol, ethylhexylglycerin",membantu mengurangi garis halus membantu mengurangi kerutan memperbaiki tekstur kulit mendukung regenerasi kulit mendukung produksi kolagen menjaga kelembapan kulit halus kulit sehat kulit terawat,butylene glycol propylene glycol capryliccapric glycerides polyglyceryl10 esters betaine squalane niacinamide glycerin hydroxyacetophenone 12hexanediol pentylene glycolcetearyl olivate acrylatesc1030 alkyl acrylate crosspolymer allantoin madecassoside sorbitan olivate ocymen5ol xanthan gum aminomethyl propanol hydroxyphenyl propamidobenzoic acid retinol undecane tridecane prunus persica peach fruit phenoxyethanol quaternium73 tocopherol ethylhexylglycerin
89,17% Intensive Peeling Serum,Whitelab,serum,70488,mengeksfoliasi sel kulit mati efektif mengeksfoliasi sel kulit mati lembut membantu membersihkan poripori mengurangi minyak berlebih memperhalus tekstur kulit menyamarkan tampilan poripori mencerahkan warna kulit meratakan warna kulit ethanol gluconolactone lactic acid glycolic acid methylpropanediol glycerin sodium hydroxide butylene glycol salicylic acid panthenol zinc pca propylene glycol phenoxyethanol chamomilla recutita matricaria flower centella asiatica leaf niacinamide xanthan gum bispeg12 dimethicone propanediol allantoin bisabolol hamamelis virginiana witch hazel 12hexanediol ethylhexylglycerin acrylatesc1030 alkyl acrylate crosspolymer dipotassium glycyrrhizate tetrasodium edta maltodextrin salix alba willow bark fomes officinalis mushroom calcium pantothenate ci 77266 black 2 alcohol caprylyl glycol urea papain magnesium lactate ci 17200 red 33 tristetramethylhydroxypiperidinol citrate ci 18965 sodium benzoate potassium lactate citric acid potassium sorbate alanine magnesium chloride proline serine sodium citrate tocopherol,"['Drying', 'Exfoliating', 'Exfoliating', 'Exfoliating', 'Irritant', 'Exfoliating', 'Drying', 'Allergen', 'Allergen', 'Drying', 'Drying', 'Exfoliating', 'Irritant']",51,13,8.6,"mengeksfoliasi sel kulit mati secara efektif, mengeksfoliasi sel kulit mati secara lembut, membantu membersihkan pori-pori, mengurangi minyak berlebih, memperhalus tekstur kulit, menyamarkan tampilan pori-pori, mencerahkan warna kulit, meratakan warna kulit","aqua (water), ethanol, gluconolactone, lactic acid, glycolic acid, methylpropanediol, glycerin, sodium hydroxide, butylene glycol, salicylic acid, panthenol, zinc pca, propylene glycol, phenoxyethanol, chamomilla recutita (matricaria) flower extract, centella asiatica leaf extract, niacinamide, xanthan gum, bis-peg-12 dimethicone, propanediol, allantoin, bisabolol, hamamelis virginiana (witch hazel) extract, 1,2-hexanediol, ethylhexylglycerin, acrylates/c10-30 alkyl acrylate crosspolymer, dipotassium glycyrrhizate, tetrasodium edta, maltodextrin, salix alba (willow) bark extract, fomes officinalis (mushroom) extract, calcium pantothenate, ci 77266 (black 2), alcohol, caprylyl glycol, urea, papain, magnesium lactate, ci 17200 (red 33), tris(tetramethylhydroxypiperidinol) citrate, ci 18965, sodium benzoate, potassium lactate, citric acid, potassium sorbate, alanine, magnesium chloride, proline, serine, sodium citrate, tocopherol",mengeksfoliasi sel kulit mati efektif mengeksfoliasi sel kulit mati lembut membantu membersihkan poripori mengurangi minyak berlebih memperhalus tekstur kulit menyamarkan tampilan poripori mencerahkan warna kulit meratakan warna kulit,ethanol gluconolactone lactic acid glycolic acid methylpropanediol glycerin sodium hydroxide butylene glycol salicylic acid panthenol zinc pca propylene glycol phenoxyethanol chamomilla recutita matricaria flower centella asiatica leaf niacinamide xanthan gum bispeg12 dimethicone propanediol allantoin bisabolol hamamelis virginiana witch hazel 12hexanediol ethylhexylglycerin acrylatesc1030 alkyl acrylate crosspolymer dipotassium glycyrrhizate tetrasodium edta maltodextrin salix alba willow bark fomes officinalis mushroom calcium pantothenate ci 77266 black 2 alcohol caprylyl glycol urea papain magnesium lactate ci 17200 red 33 tristetramethylhydroxypiperidinol citrate ci 18965 sodium benzoate potassium lactate citric acid potassium sorbate alanine magnesium chloride proline serine sodium citrate tocopherol
90,Bamboo Darkspot Serum,Beauty of Joseon,serum,157500,membantu menyamarkan noda hitam membantu menyamarkan hiperpigmentasi mencerahkan warna kulit kelembapan intensif melindungi kulit radikal bebas glycerin propanediol cococaprylatecaprate 12hexanediol methylpropanediol polyglyceryl3 distearate betaine pentylene glycol phenylethyl resorcinol panthenol tocopheryl acetate xanthan gum acrylatesc1030 alkyl acrylate crosspolymer sodium polyacryloyldimethyl taurate diethylhexyl syringylidenemalonate tromethamine diphenyl dimethicone triethylhexanoin glyceryl stearate citrate ethylhexylglycerin adenosine sodium phytate hydrogenated lecithin capryliccapric triglyceride bambusa vulgaris betaglucan silica tocopherol,"['Comedogenic', 'Comedogenic', 'Comedogenic']",29,3,20.0,"membantu menyamarkan noda hitam, membantu menyamarkan hiperpigmentasi, mencerahkan warna kulit, memberikan kelembapan intensif, melindungi kulit dari radikal bebas","aqua (water), glycerin, propanediol, coco-caprylate/caprate, 1,2-hexanediol, methylpropanediol, polyglyceryl-3 distearate, betaine, pentylene glycol, phenylethyl resorcinol, panthenol, tocopheryl acetate, xanthan gum, acrylates/c10-30 alkyl acrylate crosspolymer, sodium polyacryloyldimethyl taurate, diethylhexyl syringylidenemalonate, tromethamine, diphenyl dimethicone, triethylhexanoin, glyceryl stearate citrate, ethylhexylglycerin, adenosine, sodium phytate, hydrogenated lecithin, caprylic/capric triglyceride, bambusa vulgaris extract, beta-glucan, silica, tocopherol",membantu menyamarkan noda hitam membantu menyamarkan hiperpigmentasi mencerahkan warna kulit kelembapan intensif melindungi kulit radikal bebas,glycerin propanediol cococaprylatecaprate 12hexanediol methylpropanediol polyglyceryl3 distearate betaine pentylene glycol phenylethyl resorcinol panthenol tocopheryl acetate xanthan gum acrylatesc1030 alkyl acrylate crosspolymer sodium polyacryloyldimethyl taurate diethylhexyl syringylidenemalonate tromethamine diphenyl dimethicone triethylhexanoin glyceryl stearate citrate ethylhexylglycerin adenosine sodium phytate hydrogenated lecithin capryliccapric triglyceride bambusa vulgaris betaglucan silica tocopherol
